probe,before_ms,after_ms,speedup_before_over_after,before_kib,after_kib,alloc_ratio_after_over_before
ir pmodule_from_fringe,14.221693,16.130214,0.8816803670428676,18907.1328125,18907.4765625,1.0000181809692357
ir projective_cover,0.6594650000000001,0.701639,0.9398921667695211,907.25,950.296875,1.0474476439790577
ir injective_hull,2.1905370000000004,2.2072239999999996,0.9924398248659858,2849.2890625,2889.5546875,1.0141318146796487
ir upset_resolution pmodule,614.022052,558.0567010000001,1.1002861374116892,364506.015625,302879.0390625,0.8309301522587182
ir downset_resolution pmodule,1384.887862,1111.556217,1.245899974126095,696961.296875,628564.71875,0.9018645964536723
ir indicator_resolutions uncached,239.030271,290.755125,0.8221016602888771,279398.71875,256054.34375,0.9164478094085748
ir indicator_resolutions cache_miss,221.934254,280.799961,0.7903642621944666,279398.765625,256055.125,0.9164504518379617
ir indicator_resolutions cache_hit,0.0007080000000000001,0.000915,0.7737704918032787,0.046875,0.046875,1.0
