probe,before_ms,after_ms,speedup_before_over_after
ir pmodule_from_fringe,18.011861,11.718394,1.537058832464585
ir projective_cover,0.46621,0.42216299999999995,1.1043364766689645
ir injective_hull,0.747561,0.957597,0.7806634732564952
ir upset_resolution pmodule,6.55047,9.425170999999999,0.6949974700724263
ir downset_resolution pmodule,9.520034,22.133221000000002,0.4301242010821651
ir indicator_resolutions uncached,163.627065,157.67853200000002,1.0377257000337876
ir indicator_resolutions cache_miss,124.58037700000001,234.545316,0.531156959877212
ir indicator_resolutions cache_hit,0.000714,0.000916,0.7794759825327511
