probe,median_ms,median_kib
ir pmodule_from_fringe,16.526988,22118.7578125
ir projective_cover,1.1044360000000002,966.671875
ir injective_hull,2.2861309999999997,2908.4921875
ir upset_resolution pmodule,281.231138,303146.8359375
ir downset_resolution pmodule,877.940694,628549.8125
ir indicator_resolutions uncached,250.317792,268570.2890625
ir indicator_resolutions cache_miss_fresh,304.96068399999996,268572.8828125
ir indicator_resolutions cache_miss_after_clear,276.68564699999996,268571.2109375
ir indicator_resolutions cache_hit,0.013651,0.046875
