{"d":2,"kind":"PointCloud","points_flat":[-0.7017346597869047,-0.7587448529145326,0.9872580548729687,-0.8328995863641021,0.4732435756091997,-0.40608785502162753,0.5598390068896973,-0.31919565669580274,-0.05852893872105283,-0.9081668362693116,-0.9037232733404823,0.38818002469707047,-0.5059050217469785,-1.1982429230916443,0.9952170055758994,-0.6981490714736941,0.18298002672541477,0.6938380006814505,-0.7262893517380354,-0.10004687184547026,0.43768306593631684,-0.8855874482364623,0.9907865330322787,-0.42155260549573964,-1.099587672851716,0.49709435904071986,0.7595212345918748,0.8803968405216488,-0.24286504445210655,0.7193762049353434,0.07249457045095294,0.839400389258706,0.7302005868279012,0.7548936209252295,0.6354351599809727,0.36373376972038246,-0.541337350232031,0.009672629336609251,-0.9049670888472486,0.6778621048387756,-0.6449028637777331,-0.3504063566385072,0.703483263943068,0.2858544699436545,-1.1145398953267276,-0.723545250956313,0.7716827924837064,-0.20700639274173585,0.7538824389635201,-0.6807108693527335,1.142823013119737,0.7108707999035225,-1.051803577093469,-1.0142457949570844,-1.0637067421647795,-0.7018546314240862,-1.0612961976776252,0.2424041300091548,0.6371188638341423,0.7101260848204185,-0.9350851085519497,-0.7883217790277127,1.1574671774014709,-0.1217935428168476,-0.2932616903256708,-0.9972652260539346,0.4957164956266409,-0.8841396734692969,-0.43048623119507623,0.8219585496273556,-0.6823647878936759,-1.2824611209102563,0.8057313966334037,0.11689823202845706,-0.9545328412142233,0.3041652283797458,-1.1488933310083012,0.01094978403324709,-0.15549559968862314,0.7062992953188161,-0.35902621281798325,0.6797020613586024,0.4175412405377105,-0.1014569476389368,1.1061412842294003,1.0012481264132231,1.0132034335908737,0.6871947066609316,-0.8596936231500277,-0.2561459952571692,-0.744515921696704,-1.2128340264483721,0.9718966754773951,-0.4241657648907696,-0.5576048009461821,-0.5452116385925002,0.71366631416926,-0.19786867336174085,0.16501696366415153,1.1993975582072154,0.9131855844337031,-0.4143864601407429,0.2688114011481153,-0.6134705933114135,-0.3495559088017673,0.5082034076244886,-0.47055312920841347,0.17195383529839364,-0.955580443223161,-0.43803689367428067,-1.1957989388019075,0.9454210864405115,-0.8481068460105864,0.37703013435250154,0.7985457112202705,0.6043749499679393,-0.8448176710153961,-1.1725159451880927,0.10670959870430147,0.648286333858606,0.5065710951073251,1.2231987314145212,0.29137407187628533,1.0045096518114616,-0.43167118625332146,-0.842247788152498,0.299444851336833,0.7822486393343361,-0.32704594879598825,0.5858113316357962,0.03592234568631694,0.8310982472584348,-0.6834725045060882,-0.08625913943325209,-0.029217118337355366,0.4669526434651554,-0.6941527907794726,0.6694938299241601,-0.39303274747921974,-0.2077251758945746,-0.8853008248785783,1.0327238441396498,0.5633242762325228,-0.8472328973040351,0.7335752145344034,0.8134416002986591,-0.9577747043906246,0.5061988605624512,0.6405499069442269,0.3567963128024505,-0.2483486161584545,0.6059240070243797,0.16565514962351235,1.358190263316625,1.1631221361925301,-1.1624901705477537,-0.09333632507060674,-1.3010687284264193,-0.7537529808921228,-0.9146120523921046],"layout":"column_major_v2","n":80}