case,area,workflow,variant,field,split,phase,weight,classification,ratio,ci_low,ci_high,input_stalk_sum,poset_vertices,coefficient_max_bits,TamerOp_seconds,QPA_seconds,TamerOp_allocated_bytes,QPA_allocated_bytes
Q5:projective:cube3_presentation_r1_QQ_s11,A3,Q5,projective,QQ,development,native_construction,1/440,win,1.1334099155127926,0.6810835719005924,1.8861386320006734,11,8,2,0.000459435,0.000400575,27248,84749
Q5:projective:cube3_presentation_r1_QQ_s11,A3,Q5,projective,QQ,development,complete_query,1/440,win,174.59209479504597,167.9802068879528,181.4642339692728,11,8,2,0.000458573,0.080589795,163928,29404978
Q5:projective:cube3_presentation_r1_QQ_s11,A3,Q5,projective,QQ,development,construction_and_query,1/440,win,137.0821438487384,131.1884574248264,143.2406061557216,11,8,2,0.000593926,0.080607791,190264,29489892
Q5:injective:cube3_presentation_r1_F3_s11,A3,Q5,injective,F3,development,native_construction,1/240,win,3.1808333666028497,2.9660454703538583,3.4111752524437686,14,8,2,0.000143841,0.000459055,17272,83525
Q5:injective:cube3_presentation_r1_F3_s11,A3,Q5,injective,F3,development,complete_query,1/240,win,721.1101446725561,682.3657925864231,762.0543796292598,14,8,2,0.000731604,0.519999868,285472,168103480
Q5:injective:cube3_presentation_r1_F3_s11,A3,Q5,injective,F3,development,construction_and_query,1/240,win,631.4158979365509,581.7273384123517,685.3486330126987,14,8,2,0.000843154,0.532101248,302744,168187170
Q5:projective:cube3_intervals_r1_QQ_s11,A3,Q5,projective,QQ,development,native_construction,1/440,win,1.810562600658793,1.6029630125615986,2.045048391769027,8,8,1,0.000200346,0.000357567,22008,78458
Q5:projective:cube3_intervals_r1_QQ_s11,A3,Q5,projective,QQ,development,complete_query,1/440,win,171.1261073537222,163.14401052598328,179.4987417780421,8,8,1,0.000526978,0.088536748,178464,33598934
Q5:projective:cube3_intervals_r1_QQ_s11,A3,Q5,projective,QQ,development,construction_and_query,1/440,win,151.97096571821555,146.48201813656854,157.665594146818,8,8,1,0.000572476,0.089018889,200088,33677557
Q5:injective:cube3_intervals_r1_F3_s11,A3,Q5,injective,F3,development,native_construction,1/240,win,4.011518907758873,3.8242013575041276,4.208011671699631,9,8,1,0.000109017,0.000437457,16936,71861
Q5:injective:cube3_intervals_r1_F3_s11,A3,Q5,injective,F3,development,complete_query,1/240,win,734.0388520211549,704.8360022725376,764.451637741673,9,8,1,0.000578506,0.424326664,233792,137102355
Q5:injective:cube3_intervals_r1_F3_s11,A3,Q5,injective,F3,development,construction_and_query,1/240,win,619.6703504302392,585.6754830359738,655.6384112441149,9,8,1,0.00069047,0.424695479,250728,137174381
Q5:injective:cube3_nonsplit_r1_QQ_s11,A3,Q5,injective,QQ,development,native_construction,1/440,win,1.3838787700906447,1.1400322427579124,1.679882707242232,6,8,1,0.000245143,0.000358816,20200,72677
Q5:injective:cube3_nonsplit_r1_QQ_s11,A3,Q5,injective,QQ,development,complete_query,1/440,win,288.77716275271706,275.39322045245075,302.8115564736921,6,8,1,0.00074649,0.209720863,350120,74901508
Q5:injective:cube3_nonsplit_r1_QQ_s11,A3,Q5,injective,QQ,development,construction_and_query,1/440,win,270.1680274877011,249.0422624217304,293.08584963379434,6,8,1,0.000796099,0.210039214,370192,74974356
Q5:projective:cube3_nonsplit_r1_F3_s11,A3,Q5,projective,F3,development,native_construction,1/240,win,4.641027875881277,4.29223242358883,5.018167149181947,6,8,1,9.7106e-05,0.000430975,16792,67524
Q5:projective:cube3_nonsplit_r1_F3_s11,A3,Q5,projective,F3,development,complete_query,1/240,win,172.937240528195,170.26461040482755,175.65182271523173,6,8,1,0.000457391,0.078670088,134144,25351346
Q5:projective:cube3_nonsplit_r1_F3_s11,A3,Q5,projective,F3,development,construction_and_query,1/240,win,157.7868033721442,147.71569758330975,168.5445468946067,6,8,1,0.000516841,0.078825326,150936,25419035
Q5:injective:grid4_presentation_r1_QQ_s11,A3,Q5,injective,QQ,development,native_construction,1/440,win,2.35108121224519,2.2500949901196887,2.456599783939915,32,16,2,0.000242146,0.000558107,75552,155397
Q5:injective:grid4_presentation_r1_QQ_s11,A3,Q5,injective,QQ,development,complete_query,1/440,win,2712.4776710699525,2570.028566911766,2862.8223089730623,32,16,2,0.001576813,4.417959629,1360352,1467498693
Q5:injective:grid4_presentation_r1_QQ_s11,A3,Q5,injective,QQ,development,construction_and_query,1/440,win,2497.8881805581786,2393.1901768925786,2607.1665439784706,32,16,2,0.00172456,4.418991457,1439664,1467654215
Q5:projective:grid4_presentation_r1_F3_s11,A3,Q5,projective,F3,development,native_construction,1/240,win,2.9462804759577663,2.7315600590166023,3.177879473803348,28,16,2,0.000197285,0.000587066,23160,137509
Q5:projective:grid4_presentation_r1_F3_s11,A3,Q5,projective,F3,development,complete_query,1/240,win,1900.716785424809,1782.4159566139383,2026.8693651389453,28,16,2,0.000597596,1.110420581,228456,380271080
Q5:projective:grid4_presentation_r1_F3_s11,A3,Q5,projective,F3,development,construction_and_query,1/240,win,1474.4124315200997,1403.6352486410624,1548.7584971421022,28,16,2,0.000766883,1.106490112,251616,380408714
Q5:injective:grid4_intervals_r1_QQ_s11,A3,Q5,injective,QQ,development,native_construction,1/440,win,2.4819125050286734,2.2458756820327674,2.7427563029857116,25,16,1,0.000203935,0.000513709,50184,136515
Q5:injective:grid4_intervals_r1_QQ_s11,A3,Q5,injective,QQ,development,complete_query,1/440,win,2762.708026310685,2549.6938275392167,2993.5184986535714,25,16,1,0.001341396,3.794470273,1094720,1205733506
Q5:injective:grid4_intervals_r1_QQ_s11,A3,Q5,injective,QQ,development,construction_and_query,1/440,win,2582.0732205139107,2359.9525899563755,2825.1000229705132,25,16,1,0.001502851,3.808779843,1154312,1205870146
Q5:projective:grid4_intervals_r1_F3_s11,A3,Q5,projective,F3,development,native_construction,1/240,win,3.3029793378090266,3.17196019989914,3.439410275809973,24,16,1,0.00018703,0.000606933,22968,128949
Q5:projective:grid4_intervals_r1_F3_s11,A3,Q5,projective,F3,development,complete_query,1/240,win,1552.581028081222,1488.8667687871557,1619.0218623264498,24,16,1,0.000533951,0.84139397,195816,282098675
Q5:projective:grid4_intervals_r1_F3_s11,A3,Q5,projective,F3,development,construction_and_query,1/240,win,1238.9770378586654,1175.984077469541,1305.3442897323514,24,16,1,0.000690061,0.836699859,218784,282227749
Q5:projective:grid4_nonsplit_r1_QQ_s11,A3,Q5,projective,QQ,development,native_construction,1/440,win,1.6256235773673178,1.3745674225879796,1.9225335708284415,21,16,1,0.000287138,0.000498978,46056,126873
Q5:projective:grid4_nonsplit_r1_QQ_s11,A3,Q5,projective,QQ,development,complete_query,1/440,win,962.9479553352704,931.0022150857005,995.9898587341397,21,16,1,0.000659266,0.65513938,319864,235059795
Q5:projective:grid4_nonsplit_r1_QQ_s11,A3,Q5,projective,QQ,development,construction_and_query,1/440,win,789.0327848976845,719.3861441593905,865.4221946002,21,16,1,0.000807889,0.642820822,366128,235186793
Q5:injective:grid4_nonsplit_r1_F3_s11,A3,Q5,injective,F3,development,native_construction,1/240,win,4.894743252243594,4.647388257064398,5.155263597562644,7,16,1,0.000103103,0.000499786,20872,83188
Q5:injective:grid4_nonsplit_r1_F3_s11,A3,Q5,injective,F3,development,complete_query,1/240,win,4784.988165913098,4627.777345452386,4947.5396154112495,7,16,1,0.000621404,2.989707605,286760,671710160
Q5:injective:grid4_nonsplit_r1_F3_s11,A3,Q5,injective,F3,development,construction_and_query,1/240,win,4404.5819965644005,4281.230939732845,4531.487050700854,7,16,1,0.000667435,2.960249743,307632,671793473
Q5:injective:cube3_presentation_r1_F2_s11,A3,Q5,injective,F2,development,native_construction,1/40,win,3.314602718392322,3.117319505679632,3.5243712300765564,14,8,1,0.000138485,0.000450014,17272,83325
Q5:injective:cube3_presentation_r1_F2_s11,A3,Q5,injective,F2,development,complete_query,1/40,win,987.1612559861419,963.0386088364927,1011.888138625591,14,8,1,0.000656345,0.648884835,288512,208230113
Q5:injective:cube3_presentation_r1_F2_s11,A3,Q5,injective,F2,development,construction_and_query,1/40,win,819.9897407556339,787.2726853236629,854.0664340057244,14,8,1,0.000803872,0.660809079,305784,208313603
Q5:projective:cube3_presentation_r1_F101_s11,A3,Q5,projective,F101,development,native_construction,1/40,win,3.651935178699054,3.323214466676038,4.013171789890324,11,8,7,0.000117484,0.000431898,17128,78685
Q5:projective:cube3_presentation_r1_F101_s11,A3,Q5,projective,F101,development,complete_query,1/40,win,193.7790700899434,185.7469600943295,202.1585063133937,11,8,7,0.000449018,0.08799257,124880,28870505
Q5:projective:cube3_presentation_r1_F101_s11,A3,Q5,projective,F101,development,construction_and_query,1/40,win,169.62424220912146,166.5415697691324,172.76397469355135,11,8,7,0.000514664,0.086576866,142008,28949355
Q5:projective:grid4_presentation_r1_F2_s11,A3,Q5,projective,F2,development,native_construction,1/80,win,2.965550982093287,2.847418660491485,3.0885843200439185,28,16,1,0.000201565,0.000577768,23160,137157
Q5:projective:grid4_presentation_r1_F2_s11,A3,Q5,projective,F2,development,complete_query,1/80,win,2170.29994475705,2051.347502357123,2296.1501377997365,28,16,1,0.000609413,1.28961014,256136,456600263
Q5:projective:grid4_presentation_r1_F2_s11,A3,Q5,projective,F2,development,construction_and_query,1/80,win,1731.681817665261,1679.7486139044888,1785.2206531440963,28,16,1,0.000755533,1.288385461,279296,456737545
Q5:injective:grid4_presentation_r1_F101_s11,A3,Q5,injective,F101,development,native_construction,1/80,win,2.565462819450801,2.3431330964357255,2.808888444278348,32,16,6,0.000240383,0.000625447,23304,147381
Q5:injective:grid4_presentation_r1_F101_s11,A3,Q5,injective,F101,development,complete_query,1/80,win,6454.290495877604,6232.282055631665,6684.207395192065,32,16,6,0.000815182,5.240279238,417864,1436634469
Q5:injective:grid4_presentation_r1_F101_s11,A3,Q5,injective,F101,development,construction_and_query,1/80,win,5405.5938046501215,5179.680550742277,5641.360329969446,32,16,6,0.000978903,5.330131331,441200,1436781973
Q5:injective:cube3_presentation_r2_QQ_s11,A3,Q5,injective,QQ,development,native_construction,1/440,win,2.0785412309153015,1.9994359211119044,2.1607762484392703,16,8,2,0.000206109,0.000418923,39288,92317
Q5:injective:cube3_presentation_r2_QQ_s11,A3,Q5,injective,QQ,development,complete_query,1/440,win,455.1148803205479,440.25142691541834,470.4801429956084,16,8,2,0.001616521,0.7429145,1422448,273956433
Q5:injective:cube3_presentation_r2_QQ_s11,A3,Q5,injective,QQ,development,construction_and_query,1/440,win,433.9442882524363,416.29794660302497,452.33863593009914,16,8,2,0.001707053,0.746082604,1461784,274048915
Q5:injective:cube3_presentation_r3_QQ_s11,A3,Q5,injective,QQ,development,native_construction,1/440,win,2.2193990145359064,2.0701616938929246,2.3793948077843856,16,8,1,0.000191974,0.000418161,39288,92093
Q5:injective:cube3_presentation_r3_QQ_s11,A3,Q5,injective,QQ,development,complete_query,1/440,win,471.3530932770758,430.6661160075179,515.883953447569,16,8,1,0.001612106,0.741996883,1407776,273690357
Q5:injective:cube3_presentation_r3_QQ_s11,A3,Q5,injective,QQ,development,construction_and_query,1/440,win,440.79298028467986,415.4092463487809,467.727796566944,16,8,1,0.00168445,0.74817602,1447256,273782615
Q5:projective:grid4_presentation_r2_QQ_s11,A3,Q5,projective,QQ,development,native_construction,1/440,win,2.358120442858221,2.204948499500362,2.5219328362027085,32,16,5,0.000239865,0.000573946,78288,157845
Q5:projective:grid4_presentation_r2_QQ_s11,A3,Q5,projective,QQ,development,complete_query,1/440,win,1062.7274578297308,981.8604384444579,1150.2547667716524,32,16,5,0.00126817,1.350416513,970248,515000526
Q5:projective:grid4_presentation_r2_QQ_s11,A3,Q5,projective,QQ,development,construction_and_query,1/440,win,958.697335074141,879.515559604705,1045.0077548273803,32,16,5,0.001435843,1.348825702,1052552,515158496
Q5:projective:grid4_presentation_r3_QQ_s11,A3,Q5,projective,QQ,development,native_construction,1/440,win,2.3819608312642737,2.2210463862409555,2.5545335013375365,37,16,5,0.000252957,0.000606216,87104,169085
Q5:projective:grid4_presentation_r3_QQ_s11,A3,Q5,projective,QQ,development,complete_query,1/440,win,1497.2673959454976,1407.19002231362,1593.1108232813922,37,16,5,0.001443851,2.172561077,1129896,827171730
Q5:projective:grid4_presentation_r3_QQ_s11,A3,Q5,projective,QQ,development,construction_and_query,1/440,win,1362.4115058638038,1308.5781265244323,1418.459527701284,37,16,5,0.001601519,2.166712221,1221496,827340940
Q5:projective:cube3_projective_r1_QQ_s11,A3,Q5,projective,QQ,development,native_construction,1/440,win,1.7278799624977528,1.6483285411544002,1.8112706843687267,12,8,1,0.000227439,0.000396683,28768,85901
Q5:projective:cube3_projective_r1_QQ_s11,A3,Q5,projective,QQ,development,complete_query,1/440,win,207.03473385326842,188.41719133084982,227.49187968961942,12,8,1,0.000415348,0.083207525,129432,29759712
Q5:projective:cube3_projective_r1_QQ_s11,A3,Q5,projective,QQ,development,construction_and_query,1/440,win,165.89140838427642,150.25616678147972,183.15361003280188,12,8,1,0.000524462,0.084295526,157560,29845778
Q5:injective:cube3_injective_r1_QQ_s11,A3,Q5,injective,QQ,development,native_construction,1/440,win,1.498444965348027,1.3592224544097413,1.6519277671526658,12,8,1,0.000267812,0.000403948,28768,87693
Q5:injective:cube3_injective_r1_QQ_s11,A3,Q5,injective,QQ,development,complete_query,1/440,win,312.3787765250322,297.4240558413984,328.0854325895915,12,8,1,0.000557112,0.173294498,253496,55574413
Q5:injective:cube3_injective_r1_QQ_s11,A3,Q5,injective,QQ,development,construction_and_query,1/440,win,259.8702708318198,241.67837143242468,279.4315323375391,12,8,1,0.000682326,0.171368342,281368,55662271
Q5:injective:grid4_projective_r1_QQ_s11,A3,Q5,injective,QQ,development,native_construction,1/440,win,2.687776893464748,2.6060255688859697,2.772092766584484,31,16,2,0.000209026,0.000555744,74944,153349
Q5:injective:grid4_projective_r1_QQ_s11,A3,Q5,injective,QQ,development,complete_query,1/440,win,3015.6762440444813,2838.545480251422,3203.8603123204853,31,16,2,0.001031655,3.169910783,749208,930499648
Q5:injective:grid4_projective_r1_QQ_s11,A3,Q5,injective,QQ,development,construction_and_query,1/440,win,2662.8689828054703,2499.8841862981467,2836.479889129453,31,16,2,0.001183404,3.213713856,827928,930653122
Q5:projective:grid4_injective_r1_QQ_s11,A3,Q5,projective,QQ,development,native_construction,1/440,win,2.5253582245491475,2.5002155825436914,2.5507537057303247,32,16,5,0.000226557,0.000572729,78288,157845
Q5:projective:grid4_injective_r1_QQ_s11,A3,Q5,projective,QQ,development,complete_query,1/440,win,1082.3265959173327,1034.0266583492432,1132.8826493700994,32,16,5,0.001266497,1.365431628,970072,515000526
Q5:projective:grid4_injective_r1_QQ_s11,A3,Q5,projective,QQ,development,construction_and_query,1/440,win,931.3591140496478,897.8327889130586,966.1373587987131,32,16,5,0.001449283,1.342644461,1052696,515158496
Q5:projective:grid4_presentation_r2_QQ_s11_numerator64,A3,Q5,projective,QQ,development,native_construction,1/440,win,2.4868708993151816,2.313429076988392,2.6733159582794213,32,16,128,0.000244182,0.000613219,78576,160973
Q5:projective:grid4_presentation_r2_QQ_s11_numerator64,A3,Q5,projective,QQ,development,complete_query,1/440,win,940.8372461288644,871.057422210352,1016.2070847834234,32,16,128,0.001428909,1.375622708,1100520,526514838
Q5:projective:grid4_presentation_r2_QQ_s11_numerator64,A3,Q5,projective,QQ,development,construction_and_query,1/440,win,869.9837057617198,833.7919495637676,907.7464092653844,32,16,128,0.001592445,1.381676078,1183400,526675936
Q5:injective:grid4_presentation_r2_QQ_s11_denominator64,A3,Q5,injective,QQ,development,native_construction,1/440,win,2.1916969395022425,1.9519971098288438,2.460831243261771,42,16,133,0.000327518,0.000683564,98752,195437
Q5:injective:grid4_presentation_r2_QQ_s11_denominator64,A3,Q5,injective,QQ,development,complete_query,1/440,win,2965.709424513622,2866.924497405475,3067.8981600696666,42,16,133,0.002212227,6.502038892,2044712,2179832164
Q5:injective:grid4_presentation_r2_QQ_s11_denominator64,A3,Q5,injective,QQ,development,construction_and_query,1/440,win,2757.8838820924966,2641.1335343666574,2879.795136495996,42,16,133,0.002366161,6.589110662,2148136,2180027726
Q5:projective:capped_crown4_presentation_r1_QQ_s11,A3,Q5,projective,QQ,development,native_construction,1/440,win,1.3258695057768737,1.0964155450903983,1.6033427784025733,10,9,2,0.00027375,0.000372643,22920,79797
Q5:projective:capped_crown4_presentation_r1_QQ_s11,A3,Q5,projective,QQ,development,complete_query,1/440,win,138.2471292702741,129.47415816464598,147.6145434918969,10,9,2,0.000651159,0.091421592,291896,35836629
Q5:projective:capped_crown4_presentation_r1_QQ_s11,A3,Q5,projective,QQ,development,construction_and_query,1/440,win,124.57351921130564,119.6836474820073,129.66317467072957,10,9,2,0.000744512,0.092506818,316200,35916591
Q5:projective:capped_crown4_presentation_r1_F3_s11,A3,Q5,projective,F3,development,native_construction,1/240,win,3.7164366365850934,3.650027974987732,3.784053538328934,10,9,2,0.000113745,0.000424092,17224,75749
Q5:projective:capped_crown4_presentation_r1_F3_s11,A3,Q5,projective,F3,development,complete_query,1/240,win,213.94273202854347,207.77442495424984,220.29416083291122,10,9,2,0.000463041,0.098707095,126944,34354262
Q5:projective:capped_crown4_presentation_r1_F3_s11,A3,Q5,projective,F3,development,construction_and_query,1/240,win,195.69561147519164,183.6939103212921,208.4814476629395,10,9,2,0.000513181,0.098651992,144168,34430176
Q5:injective:capped_crown8_presentation_r1_QQ_s11,A3,Q5,injective,QQ,development,native_construction,1/440,win,2.9726190774138446,2.69172727080029,3.282822994462409,14,17,2,0.000151375,0.000467768,32608,110529
Q5:injective:capped_crown8_presentation_r1_QQ_s11,A3,Q5,injective,QQ,development,complete_query,1/440,win,1721.9259724684127,1625.7493730462832,1823.7922178038434,14,17,2,0.001200645,2.04520037,880600,758777399
Q5:injective:capped_crown8_presentation_r1_QQ_s11,A3,Q5,injective,QQ,development,construction_and_query,1/440,win,1618.7825467268397,1507.4309134544487,1738.359556115483,14,17,2,0.001241391,2.066808787,916632,758888093
Q5:injective:capped_crown8_presentation_r1_F3_s11,A3,Q5,injective,F3,development,native_construction,1/240,win,4.168691248909756,3.8614274485776283,4.50040482701236,14,17,2,0.000127483,0.000526836,22344,102497
Q5:injective:capped_crown8_presentation_r1_F3_s11,A3,Q5,injective,F3,development,complete_query,1/240,win,3307.936335324654,3217.0648966387853,3401.3745914774213,14,17,2,0.000703003,2.31744097,336424,751852310
Q5:injective:capped_crown8_presentation_r1_F3_s11,A3,Q5,injective,F3,development,construction_and_query,1/240,win,2963.6261342064704,2807.6775177958402,3128.236703710447,14,17,2,0.000764944,2.330008796,358768,751954972
Q5:projective:cube3_presentation_r2_QQ_s37,A3,Q5,projective,QQ,evaluation,native_construction,1/440,win,1.6143805069978148,1.4141761269556712,1.8429277454888164,13,8,5,0.000259105,0.000406089,29680,87861
Q5:projective:cube3_presentation_r2_QQ_s37,A3,Q5,projective,QQ,evaluation,complete_query,1/440,win,174.1388314953102,168.93478562215202,179.5031883035443,13,8,5,0.000587258,0.102487173,221200,37753807
Q5:projective:cube3_presentation_r2_QQ_s37,A3,Q5,projective,QQ,evaluation,construction_and_query,1/440,win,146.41138306765896,137.28170556668346,156.14821365525844,13,8,5,0.000698087,0.103579486,250128,37841833
Q5:projective:cube3_presentation_r2_F3_s37,A3,Q5,projective,F3,evaluation,native_construction,1/240,win,3.505067244052961,3.2931011149561225,3.730676938383871,13,8,2,0.000126827,0.000448628,17224,81917
Q5:projective:cube3_presentation_r2_F3_s37,A3,Q5,projective,F3,evaluation,complete_query,1/240,win,230.1413775954159,215.48084277183509,245.79936202309446,13,8,2,0.000482708,0.111111237,135840,36611436
Q5:projective:cube3_presentation_r2_F3_s37,A3,Q5,projective,F3,evaluation,construction_and_query,1/240,win,191.1502491259298,184.37899345303668,198.17017685483657,13,8,2,0.000571612,0.109812994,153064,36693518
Q5:injective:grid4_presentation_r2_QQ_s37,A3,Q5,injective,QQ,evaluation,native_construction,1/440,win,2.231632176576145,2.0114445997867922,2.4759231112096587,36,16,7,0.000255466,0.000594338,84976,166717
Q5:injective:grid4_presentation_r2_QQ_s37,A3,Q5,injective,QQ,evaluation,complete_query,1/440,win,2856.6229391317097,2644.0972566390565,3086.2308849963165,36,16,7,0.001945275,5.603938632,1825112,1852777489
Q5:injective:grid4_presentation_r2_QQ_s37,A3,Q5,injective,QQ,evaluation,construction_and_query,1/440,win,2669.75688511521,2606.3002376935,2734.758537231224,36,16,7,0.00208151,5.588462226,1914152,1852944331
Q5:injective:grid4_presentation_r2_F3_s37,A3,Q5,injective,F3,evaluation,native_construction,1/240,win,2.59440228418965,2.4107055064915324,2.792096833928279,36,16,2,0.000245099,0.000660858,23528,158453
Q5:injective:grid4_presentation_r2_F3_s37,A3,Q5,injective,F3,evaluation,complete_query,1/240,win,7089.500376612168,6947.523687199501,7234.378442291276,36,16,2,0.000949405,6.697647574,453416,1813817369
Q5:injective:grid4_presentation_r2_F3_s37,A3,Q5,injective,F3,evaluation,construction_and_query,1/240,win,5879.673927413767,5667.987366890208,6099.266504130669,36,16,2,0.001139737,6.637037761,476944,1813975947
Q5:projective:capped_crown4_presentation_r1_F2_s37,A3,Q5,projective,F2,evaluation,native_construction,1/80,win,3.7005314053627574,3.2407068214808628,4.225600597779015,11,9,1,0.000115906,0.000415038,17272,76925
Q5:projective:capped_crown4_presentation_r1_F2_s37,A3,Q5,projective,F2,evaluation,complete_query,1/80,win,238.767728178466,210.7594091772208,270.4981392862415,11,9,1,0.000434228,0.097587344,119504,34385507
Q5:projective:capped_crown4_presentation_r1_F2_s37,A3,Q5,projective,F2,evaluation,construction_and_query,1/80,win,217.73221606381293,194.63961554381655,243.56458873803493,11,9,1,0.000465246,0.09775984,136776,34462597
Q5:injective:capped_crown8_presentation_r1_F101_s37,A3,Q5,injective,F101,evaluation,native_construction,1/80,win,3.956913313800367,3.604014644216145,4.344367190088362,14,17,7,0.000137535,0.000541866,22344,102455
Q5:injective:capped_crown8_presentation_r1_F101_s37,A3,Q5,injective,F101,evaluation,complete_query,1/80,win,2666.340119192289,2596.890248896312,2737.647320380928,14,17,7,0.000663979,1.737641673,309992,555716052
Q5:injective:capped_crown8_presentation_r1_F101_s37,A3,Q5,injective,F101,evaluation,construction_and_query,1/80,win,2356.4007387605147,2136.8080180605366,2598.560279959503,14,17,7,0.000733301,1.750996796,332336,555818672
Q5:projective:cube3_higher_extension_r1_QQ_s11,A3,Q5,projective,QQ,development,native_construction,1/440,win,1.3304573202626662,1.2620279795780767,1.4025970181994722,1,8,0,0.00024585,0.000326134,15464,64728
Q5:projective:cube3_higher_extension_r1_QQ_s11,A3,Q5,projective,QQ,development,complete_query,1/440,win,118.98571893619776,111.00676495310049,127.53818487319515,1,8,0,0.00068775,0.082129883,331760,29187242
Q5:projective:cube3_higher_extension_r1_QQ_s11,A3,Q5,projective,QQ,development,construction_and_query,1/440,win,106.97790896706022,103.54077603957138,110.52914073766291,1,8,0,0.000774794,0.08145018,347256,29252103
Q5:projective:cube3_higher_extension_r1_F3_s11,A3,Q5,projective,F3,development,native_construction,1/240,win,5.158062440877272,4.979030814196529,5.3435315298971835,1,8,0,7.6262e-05,0.000390878,16072,59528
Q5:projective:cube3_higher_extension_r1_F3_s11,A3,Q5,projective,F3,development,complete_query,1/240,win,177.99787777036596,165.2369584913893,191.7442972808362,1,8,0,0.000514469,0.08959147,201168,28227846
Q5:projective:cube3_higher_extension_r1_F3_s11,A3,Q5,projective,F3,development,construction_and_query,1/240,win,167.3566785396565,156.77521054508802,178.65233766514925,1,8,0,0.000551988,0.0913998,217240,28287507
Q5:injective:grid4_higher_extension_r1_QQ_s11,A3,Q5,injective,QQ,development,native_construction,1/440,win,1.2699076527084403,1.1069737105091475,1.456823618390831,1,16,0,0.0002866,0.00037033,20104,80584
Q5:injective:grid4_higher_extension_r1_QQ_s11,A3,Q5,injective,QQ,development,complete_query,1/440,win,1874.57128811095,1776.7845680828632,1977.7397762980036,1,16,0,0.000957647,1.80944452,592544,452846014
Q5:injective:grid4_higher_extension_r1_QQ_s11,A3,Q5,injective,QQ,development,construction_and_query,1/440,win,1697.038275219286,1561.0638464984704,1844.856579068863,1,16,0,0.001036612,1.815511412,612760,452926771
Q5:injective:grid4_higher_extension_r1_F3_s11,A3,Q5,injective,F3,development,native_construction,1/240,win,5.374054261457994,4.687847043624757,6.160708516369116,1,16,0,8.2052e-05,0.000452728,20712,72888
Q5:injective:grid4_higher_extension_r1_F3_s11,A3,Q5,injective,F3,development,complete_query,1/240,win,3828.50035537984,3667.276404096295,3996.8121723171557,1,16,0,0.000569978,2.212193382,307640,421964086
Q5:injective:grid4_higher_extension_r1_F3_s11,A3,Q5,injective,F3,development,construction_and_query,1/240,win,3625.905333696658,3377.9359626610635,3892.0777759720486,1,16,0,0.00062147,2.18107984,328352,422037147
Q6:pushout:cube3_presentation_r1_QQ_s11,A4,Q6,pushout,QQ,development,native_construction,1/440,win,1.7956782167420173,1.3799980148793536,2.3365687655454273,39,8,2,0.000513653,0.000950777,97656,330433
Q6:pushout:cube3_presentation_r1_QQ_s11,A4,Q6,pushout,QQ,development,complete_query,1/440,win,26.22280079653537,25.609625307526485,26.850657647563665,39,8,2,0.00051842,0.013554098,223448,6179923
Q6:pushout:cube3_presentation_r1_QQ_s11,A4,Q6,pushout,QQ,development,construction_and_query,1/440,win,16.669587575821524,15.831813052077516,17.551694744874425,39,8,2,0.000857795,0.01420022,320080,6510417
Q6:pullback:cube3_presentation_r1_F3_s11,A4,Q6,pullback,F3,development,native_construction,1/240,win,3.8276229759078255,3.3102997673571046,4.4257918241024985,36,8,2,0.000305318,0.001140812,47704,285979
Q6:pullback:cube3_presentation_r1_F3_s11,A4,Q6,pullback,F3,development,complete_query,1/240,win,14.5451059719939,13.673241422944901,15.472564346118848,36,8,2,0.000173224,0.002494607,39968,457465
Q6:pullback:cube3_presentation_r1_F3_s11,A4,Q6,pullback,F3,development,construction_and_query,1/240,win,7.511807229975223,7.008446156574795,8.051320734963806,36,8,2,0.000454874,0.003359008,87672,743433
Q6:pushout:cube3_intervals_r1_QQ_s11,A4,Q6,pushout,QQ,development,native_construction,1/440,win,2.5285729782991004,2.3632893451854873,2.7054162113537408,26,8,1,0.000340946,0.000876599,67056,304840
Q6:pushout:cube3_intervals_r1_QQ_s11,A4,Q6,pushout,QQ,development,complete_query,1/440,win,66.14446512237002,63.69175234265987,68.69162969149536,26,8,1,0.000200614,0.013392146,51568,6337000
Q6:pushout:cube3_intervals_r1_QQ_s11,A4,Q6,pushout,QQ,development,construction_and_query,1/440,win,28.391853238726494,26.67754742372707,30.216320770643232,26,8,1,0.000506969,0.014087298,120712,6641901
Q6:pullback:cube3_intervals_r1_F3_s11,A4,Q6,pullback,F3,development,native_construction,1/240,win,5.028698325599936,4.7560930957564915,5.316928483265818,25,8,1,0.000228643,0.001140444,46616,261927
Q6:pullback:cube3_intervals_r1_F3_s11,A4,Q6,pullback,F3,development,complete_query,1/240,win,18.6256095985044,17.66655765496702,19.63672491784857,25,8,1,0.00014959,0.002846712,38304,476583
Q6:pullback:cube3_intervals_r1_F3_s11,A4,Q6,pullback,F3,development,construction_and_query,1/240,win,10.696733176654838,10.170741513313619,11.249927107357028,25,8,1,0.000349289,0.003734406,84920,738499
Q6:pullback:cube3_nonsplit_r1_QQ_s11,A4,Q6,pullback,QQ,development,native_construction,1/440,win,2.5169742079433464,2.3310938436303394,2.717676588080189,24,8,1,0.000340457,0.000876874,65808,302388
Q6:pullback:cube3_nonsplit_r1_QQ_s11,A4,Q6,pullback,QQ,development,complete_query,1/440,win,8.786010223136113,7.886578372275781,9.788018580074912,24,8,1,0.000192342,0.001664687,45216,596894
Q6:pullback:cube3_nonsplit_r1_QQ_s11,A4,Q6,pullback,QQ,development,construction_and_query,1/440,win,4.526754725938482,4.199341136329331,4.879696048394423,24,8,1,0.000483341,0.002254606,111024,899343
Q6:pushout:cube3_nonsplit_r1_F3_s11,A4,Q6,pushout,F3,development,native_construction,1/240,win,4.645776281226392,4.2834041339818185,5.038804787056626,24,8,1,0.000242431,0.001078769,46664,258763
Q6:pushout:cube3_nonsplit_r1_F3_s11,A4,Q6,pushout,F3,development,complete_query,1/240,win,63.495878599848346,58.206939143926874,69.26539444373681,24,8,1,0.000193108,0.012413407,47280,4836862
Q6:pushout:cube3_nonsplit_r1_F3_s11,A4,Q6,pushout,F3,development,construction_and_query,1/240,win,31.391097069182848,30.126315348561796,32.70897764315881,24,8,1,0.000429349,0.013300456,93944,5095614
Q6:pullback:grid4_presentation_r1_QQ_s11,A4,Q6,pullback,QQ,development,native_construction,1/440,win,2.9294827631713023,2.7568661852604355,3.1129074401944745,96,16,3,0.000538652,0.001544014,242136,590956
Q6:pullback:grid4_presentation_r1_QQ_s11,A4,Q6,pullback,QQ,development,complete_query,1/440,win,5.593826657163757,5.38887638301773,5.806571620199828,96,16,3,0.000537529,0.003014099,269952,1117131
Q6:pullback:grid4_presentation_r1_QQ_s11,A4,Q6,pullback,QQ,development,construction_and_query,1/440,win,4.696797537680488,4.53959495049349,4.8594439262832045,96,16,3,0.000946829,0.004351666,511480,1708108
Q6:pushout:grid4_presentation_r1_F3_s11,A4,Q6,pushout,F3,development,native_construction,1/240,win,9.126874054129186,8.982866501524247,9.2731902434264,104,16,2,0.000205495,0.001896399,68776,543130
Q6:pushout:grid4_presentation_r1_F3_s11,A4,Q6,pushout,F3,development,complete_query,1/240,win,564.4766320525267,547.626443267489,581.8452926271978,104,16,2,0.000337757,0.185897755,130512,67452164
Q6:pushout:grid4_presentation_r1_F3_s11,A4,Q6,pushout,F3,development,construction_and_query,1/240,win,356.16265879417693,337.5558626198933,375.7951010976205,104,16,2,0.000529071,0.188283852,199288,67995243
Q6:pullback:grid4_intervals_r1_QQ_s11,A4,Q6,pullback,QQ,development,native_construction,1/440,win,3.7513033004519283,3.5748387019557266,3.936478712810974,73,16,1,0.000383006,0.001420748,163696,531939
Q6:pullback:grid4_intervals_r1_QQ_s11,A4,Q6,pullback,QQ,development,complete_query,1/440,win,9.98469342773699,9.422166243839484,10.58080490896427,73,16,1,0.000333459,0.00325199,108784,1217097
Q6:pullback:grid4_intervals_r1_QQ_s11,A4,Q6,pullback,QQ,development,construction_and_query,1/440,win,7.401464581640963,6.910038248186293,7.927840047435975,73,16,1,0.000613195,0.004506284,273024,1749057
Q6:pushout:grid4_intervals_r1_F3_s11,A4,Q6,pushout,F3,development,native_construction,1/240,win,5.10842682960173,4.987779975357213,5.231991948787966,74,16,1,0.000339265,0.00172601,66920,453799
Q6:pushout:grid4_intervals_r1_F3_s11,A4,Q6,pushout,F3,development,complete_query,1/240,win,1342.7501855129592,1292.3926412598412,1395.0698906313175,74,16,1,0.000185569,0.245774523,66784,84105360
Q6:pushout:grid4_intervals_r1_F3_s11,A4,Q6,pushout,F3,development,construction_and_query,1/240,win,503.9436835313908,482.03375250499846,526.8494889650971,74,16,1,0.000502982,0.246801092,135792,84559108
Q6:pushout:grid4_nonsplit_r1_QQ_s11,A4,Q6,pushout,QQ,development,native_construction,1/440,win,4.132225785341042,3.9777129456875238,4.292740621102319,56,16,1,0.000318966,0.001305129,139072,477302
Q6:pushout:grid4_nonsplit_r1_QQ_s11,A4,Q6,pushout,QQ,development,complete_query,1/440,win,1259.573277126999,1109.8425544827137,1429.5044229871967,56,16,1,0.000235425,0.303176405,66408,112933657
Q6:pushout:grid4_nonsplit_r1_QQ_s11,A4,Q6,pushout,QQ,development,construction_and_query,1/440,win,592.2528477949414,557.1177328331817,629.603789377581,56,16,1,0.000521437,0.307420169,205928,113410980
Q6:pullback:grid4_nonsplit_r1_F3_s11,A4,Q6,pullback,F3,development,native_construction,1/240,win,5.297216536190402,4.869401331858149,5.762618670944757,70,16,1,0.000342269,0.001783486,66568,446045
Q6:pullback:grid4_nonsplit_r1_F3_s11,A4,Q6,pullback,F3,development,complete_query,1/240,win,23.732514822664164,19.967296500529653,28.207737576944073,70,16,1,0.000240973,0.005363741,102336,857031
Q6:pullback:grid4_nonsplit_r1_F3_s11,A4,Q6,pullback,F3,development,construction_and_query,1/240,win,12.533940539908091,11.763293255206014,13.355075151971139,70,16,1,0.000534905,0.00681666,168904,1303025
Q6:pullback:cube3_presentation_r1_F2_s11,A4,Q6,pullback,F2,development,native_construction,1/40,win,3.3354449447968206,2.1158333997279053,5.25806662339358,36,8,1,0.000270513,0.001106054,47704,285243
Q6:pullback:cube3_presentation_r1_F2_s11,A4,Q6,pullback,F2,development,complete_query,1/40,win,13.963136280532058,12.72333153132977,15.323751826211636,36,8,1,0.000181349,0.002504779,38816,451681
Q6:pullback:cube3_presentation_r1_F2_s11,A4,Q6,pullback,F2,development,construction_and_query,1/40,win,7.920987075722733,7.172504282663132,8.747577384571546,36,8,1,0.000443242,0.003441961,86520,736913
Q6:pushout:cube3_presentation_r1_F101_s11,A4,Q6,pushout,F101,development,native_construction,1/40,win,3.6811265846081227,3.465977801870568,3.909630616963396,39,8,7,0.000315567,0.001156777,47656,288121
Q6:pushout:cube3_presentation_r1_F101_s11,A4,Q6,pushout,F101,development,complete_query,1/40,win,65.03282811087277,61.206211692611,69.09868484163827,39,8,7,0.000235468,0.015471628,59552,5831599
Q6:pushout:cube3_presentation_r1_F101_s11,A4,Q6,pushout,F101,development,construction_and_query,1/40,win,32.68384088355049,29.506733194292423,36.203040433763704,39,8,7,0.000478461,0.016372483,107208,6119709
Q6:pushout:grid4_presentation_r1_F2_s11,A4,Q6,pushout,F2,development,native_construction,1/80,win,8.981356208438187,8.381912450893909,9.623669993624008,100,16,1,0.000210356,0.001861164,68504,530746
Q6:pushout:grid4_presentation_r1_F2_s11,A4,Q6,pushout,F2,development,complete_query,1/80,win,646.372933190825,609.8197567048918,685.1171418572037,100,16,1,0.0002957,0.187347613,114768,67296828
Q6:pushout:grid4_presentation_r1_F2_s11,A4,Q6,pushout,F2,development,construction_and_query,1/80,win,399.69956062432857,392.8662449058883,406.6517315621045,100,16,1,0.000475114,0.189169122,185360,67827523
Q6:pullback:grid4_presentation_r1_F101_s11,A4,Q6,pullback,F101,development,native_construction,1/80,win,8.500817462313218,8.078611551761925,8.945088777267522,96,16,7,0.000219855,0.001858809,71008,532828
Q6:pullback:grid4_presentation_r1_F101_s11,A4,Q6,pullback,F101,development,complete_query,1/80,win,21.10905998105227,20.203660719453516,22.05503346503015,96,16,7,0.000231332,0.004977135,85776,866251
Q6:pullback:grid4_presentation_r1_F101_s11,A4,Q6,pullback,F101,development,construction_and_query,1/80,win,15.3701467090265,15.020703010655183,15.727719913603009,96,16,7,0.000427754,0.006616186,154696,1399028
Q6:pullback:cube3_presentation_r2_QQ_s11,A4,Q6,pullback,QQ,development,native_construction,1/440,win,3.5618503189111896,3.2880438831388243,3.8584575343978442,40,8,3,0.000268633,0.000964002,113464,335333
Q6:pullback:cube3_presentation_r2_QQ_s11,A4,Q6,pullback,QQ,development,complete_query,1/440,win,4.592679958094563,4.209426471297259,5.0108273279763775,40,8,3,0.000408428,0.001829932,128120,630070
Q6:pullback:cube3_presentation_r2_QQ_s11,A4,Q6,pullback,QQ,development,construction_and_query,1/440,win,4.267138531175815,4.054778287875043,4.490620682934472,40,8,3,0.000607418,0.002563454,238640,965464
Q6:pullback:cube3_presentation_r3_QQ_s11,A4,Q6,pullback,QQ,development,native_construction,1/440,win,3.127563406829399,2.995992852343992,3.2649119493343886,44,8,2,0.000307966,0.000963244,125872,340301
Q6:pullback:cube3_presentation_r3_QQ_s11,A4,Q6,pullback,QQ,development,complete_query,1/440,win,4.173597694604797,4.0714452289742145,4.2783131632103775,44,8,2,0.000425317,0.001783582,144616,631857
Q6:pullback:cube3_presentation_r3_QQ_s11,A4,Q6,pullback,QQ,development,construction_and_query,1/440,win,4.09230740292401,3.8899993506390125,4.305136934605303,44,8,2,0.000615086,0.00255461,270328,972219
Q6:pushout:grid4_presentation_r2_QQ_s11,A4,Q6,pushout,QQ,development,native_construction,1/440,win,2.6311834490511123,2.4204600301666765,2.860252289348389,122,16,6,0.00066669,0.001750224,390984,660890
Q6:pushout:grid4_presentation_r2_QQ_s11,A4,Q6,pushout,QQ,development,complete_query,1/440,win,209.2900070122088,202.52790141480062,216.2778892645424,122,16,6,0.001171274,0.246930097,1004424,91458478
Q6:pushout:grid4_presentation_r2_QQ_s11,A4,Q6,pushout,QQ,development,construction_and_query,1/440,win,143.3333437900618,138.87038446063104,147.9397318718037,122,16,6,0.001743136,0.248783843,1395760,92119389
Q6:pushout:grid4_presentation_r3_QQ_s11,A4,Q6,pushout,QQ,development,native_construction,1/440,win,2.4540422003915245,2.3410244936364006,2.572516066223543,143,16,2,0.00077861,0.001900849,464072,730050
Q6:pushout:grid4_presentation_r3_QQ_s11,A4,Q6,pushout,QQ,development,complete_query,1/440,win,330.2257528485159,321.1281398698581,339.5811026980159,143,16,2,0.001321667,0.437124685,1159720,166004659
Q6:pushout:grid4_presentation_r3_QQ_s11,A4,Q6,pushout,QQ,development,construction_and_query,1/440,win,222.24319672778105,218.50586776834356,226.0444490403701,143,16,2,0.001934569,0.429238855,1623760,166734730
Q6:pushout:cube3_projective_r1_QQ_s11,A4,Q6,pushout,QQ,development,native_construction,1/440,win,2.1045170794637063,1.9983609903413948,2.2163123475492834,38,8,2,0.000466213,0.000959058,85952,337403
Q6:pushout:cube3_projective_r1_QQ_s11,A4,Q6,pushout,QQ,development,complete_query,1/440,win,51.464406584066076,48.60145151480006,54.49600912111688,38,8,2,0.000502064,0.025634883,226496,11385190
Q6:pushout:cube3_projective_r1_QQ_s11,A4,Q6,pushout,QQ,development,construction_and_query,1/440,win,31.500615275023172,30.586037368873743,32.44254071679249,38,8,2,0.000840329,0.026635916,312992,11722654
Q6:pullback:cube3_injective_r1_QQ_s11,A4,Q6,pullback,QQ,development,native_construction,1/440,win,2.4001049093614393,2.083860594336598,2.764342102152352,38,8,3,0.000408452,0.001002917,85920,340877
Q6:pullback:cube3_injective_r1_QQ_s11,A4,Q6,pullback,QQ,development,complete_query,1/440,win,3.854838351125305,3.3638980085683396,4.417428434350992,38,8,3,0.000533657,0.002011349,251272,670639
Q6:pullback:cube3_injective_r1_QQ_s11,A4,Q6,pullback,QQ,development,construction_and_query,1/440,win,3.4314836131330226,3.1628541669531214,3.7229284581728836,38,8,3,0.00083868,0.002802227,338664,1011577
Q6:pullback:grid4_projective_r1_QQ_s11,A4,Q6,pullback,QQ,development,native_construction,1/440,win,3.40154110460624,3.2870093768880153,3.5200635470289483,87,16,2,0.000454184,0.001522175,217056,568037
Q6:pullback:grid4_projective_r1_QQ_s11,A4,Q6,pullback,QQ,development,complete_query,1/440,win,3.76374643623481,3.706461177993455,3.8219170675191263,87,16,2,0.000871717,0.003315849,643856,1193279
Q6:pullback:grid4_projective_r1_QQ_s11,A4,Q6,pullback,QQ,development,construction_and_query,1/440,win,3.780162670765654,3.676197153131163,3.8870684085262073,87,16,2,0.001192611,0.004476791,859360,1761337
Q6:pushout:grid4_injective_r1_QQ_s11,A4,Q6,pushout,QQ,development,native_construction,1/440,win,3.2292541441424576,3.10110659687211,3.36269715397058,88,16,5,0.000481886,0.001563989,220640,586627
Q6:pushout:grid4_injective_r1_QQ_s11,A4,Q6,pushout,QQ,development,complete_query,1/440,win,377.1354978889052,365.8707277432061,388.7470983132062,88,16,5,0.001123628,0.425714847,1075824,167626890
Q6:pushout:grid4_injective_r1_QQ_s11,A4,Q6,pushout,QQ,development,construction_and_query,1/440,win,279.3519234114188,268.49558197508696,290.64722979650406,88,16,5,0.001489442,0.417868992,1296016,168213538
Q6:pushout:grid4_presentation_r2_QQ_s11_numerator64,A4,Q6,pushout,QQ,development,native_construction,1/440,win,2.7488798075072225,2.5091233870918606,3.011545878929031,122,16,132,0.000664324,0.001781637,391432,670210
Q6:pushout:grid4_presentation_r2_QQ_s11_numerator64,A4,Q6,pushout,QQ,development,complete_query,1/440,win,178.2165977014243,174.18823574121305,182.33812152192664,122,16,132,0.001389746,0.245611176,1111528,91683766
Q6:pushout:grid4_presentation_r2_QQ_s11_numerator64,A4,Q6,pushout,QQ,development,construction_and_query,1/440,win,130.76890417159208,124.00398725597756,137.9028745498239,122,16,132,0.001901305,0.248039811,1503072,92353997
Q6:pullback:grid4_presentation_r2_QQ_s11_denominator64,A4,Q6,pullback,QQ,development,native_construction,1/440,win,2.8368103132326103,2.6469566227937324,3.04028131173875,112,16,130,0.000661839,0.001820781,373944,679476
Q6:pullback:grid4_presentation_r2_QQ_s11_denominator64,A4,Q6,pullback,QQ,development,complete_query,1/440,win,5.351692977193259,5.231917400796786,5.47421060542314,112,16,130,0.000700577,0.003768957,393760,1372683
Q6:pullback:grid4_presentation_r2_QQ_s11_denominator64,A4,Q6,pullback,QQ,development,construction_and_query,1/440,win,4.273561078573777,4.10521912846963,4.448806195422017,112,16,130,0.001253084,0.005369806,767704,2052180
Q6:pushout:capped_crown4_presentation_r1_QQ_s11,A4,Q6,pushout,QQ,development,native_construction,1/440,win,2.396399978028134,2.239545017514261,2.564240865793033,33,9,1,0.000392948,0.000927659,82784,309210
Q6:pushout:capped_crown4_presentation_r1_QQ_s11,A4,Q6,pushout,QQ,development,complete_query,1/440,win,31.346852597452074,26.81376513129253,36.64629577215295,33,9,1,0.000418379,0.012356356,158240,5592049
Q6:pushout:capped_crown4_presentation_r1_QQ_s11,A4,Q6,pushout,QQ,development,construction_and_query,1/440,win,19.503143142797416,17.750463268204573,21.42888254245095,33,9,1,0.000674825,0.012936156,242512,5901320
Q6:pushout:capped_crown4_presentation_r1_F3_s11,A4,Q6,pushout,F3,development,native_construction,1/240,win,4.118975675778103,3.8438427588897732,4.413801937765008,33,9,2,0.000267127,0.001110053,47784,272098
Q6:pushout:capped_crown4_presentation_r1_F3_s11,A4,Q6,pushout,F3,development,complete_query,1/240,win,67.50953551006192,64.9108968028,70.21220795377637,33,9,2,0.000206835,0.014117339,51936,5291729
Q6:pushout:capped_crown4_presentation_r1_F3_s11,A4,Q6,pushout,F3,development,construction_and_query,1/240,win,33.2597030632447,30.331726045985572,36.47032305969334,33,9,2,0.000460002,0.014955972,99720,5563816
Q6:pullback:capped_crown8_presentation_r1_QQ_s11,A4,Q6,pullback,QQ,development,native_construction,1/440,win,2.9544481518269046,2.7880220034583245,3.13080882109469,32,17,2,0.000403348,0.00120693,92992,413532
Q6:pullback:capped_crown8_presentation_r1_QQ_s11,A4,Q6,pullback,QQ,development,complete_query,1/440,win,9.412007590002679,8.119732894497632,10.909950859873554,32,17,2,0.000272161,0.002679376,76536,988368
Q6:pullback:capped_crown8_presentation_r1_QQ_s11,A4,Q6,pullback,QQ,development,construction_and_query,1/440,win,5.767645634854295,5.611790321665485,5.9278294915660865,32,17,2,0.000634383,0.003669276,170328,1401961
Q6:pullback:capped_crown8_presentation_r1_F3_s11,A4,Q6,pullback,F3,development,native_construction,1/240,win,5.634664539893628,5.1196475269515,6.201490299868342,32,17,2,0.000282152,0.001514198,62520,338156
Q6:pullback:capped_crown8_presentation_r1_F3_s11,A4,Q6,pullback,F3,development,complete_query,1/240,win,20.07665377928509,19.035527848320896,21.174722875301658,32,17,2,0.000191771,0.003839148,57680,653690
Q6:pullback:capped_crown8_presentation_r1_F3_s11,A4,Q6,pullback,F3,development,construction_and_query,1/240,win,11.01764782603695,10.21263244649448,11.88611890759309,32,17,2,0.00047341,0.00518424,120200,991835
Q6:pushout:cube3_presentation_r2_QQ_s37,A4,Q6,pushout,QQ,evaluation,native_construction,1/440,win,3.059864073474013,2.9416009433493424,3.182881814511664,47,8,3,0.000324173,0.001006166,131400,346105
Q6:pushout:cube3_presentation_r2_QQ_s37,A4,Q6,pushout,QQ,evaluation,complete_query,1/440,win,32.20254808166744,29.65584211462494,34.96795332750639,47,8,3,0.000581826,0.018518196,289560,8209281
Q6:pushout:cube3_presentation_r2_QQ_s37,A4,Q6,pushout,QQ,evaluation,construction_and_query,1/440,win,24.15168184076566,23.277320767842916,25.058886353595746,47,8,3,0.000806654,0.019518802,420000,8555447
Q6:pushout:cube3_presentation_r2_F3_s37,A4,Q6,pushout,F3,evaluation,native_construction,1/240,win,4.0889786282710405,3.8504309683675904,4.342305149687111,48,8,2,0.000302108,0.001259357,48328,308649
Q6:pushout:cube3_presentation_r2_F3_s37,A4,Q6,pushout,F3,evaluation,complete_query,1/240,win,84.0389127563804,76.77349495481005,91.99188940703593,48,8,2,0.000263044,0.021681442,66992,7823401
Q6:pushout:cube3_presentation_r2_F3_s37,A4,Q6,pushout,F3,evaluation,construction_and_query,1/240,win,42.26035714766907,40.37494806730312,44.233810115903324,48,8,2,0.000532245,0.022388083,115320,8132039
Q6:pullback:grid4_presentation_r2_QQ_s37,A4,Q6,pullback,QQ,evaluation,native_construction,1/440,win,2.567346094677696,2.3841894675098634,2.7645730591793036,120,16,3,0.000670319,0.001691993,392408,666561
Q6:pullback:grid4_presentation_r2_QQ_s37,A4,Q6,pullback,QQ,evaluation,complete_query,1/440,win,5.069549447480764,4.83926549035065,5.310791824027469,120,16,3,0.000657564,0.003304857,435800,1193939
Q6:pullback:grid4_presentation_r2_QQ_s37,A4,Q6,pullback,QQ,evaluation,construction_and_query,1/440,win,3.877754030240703,3.7148839336418833,4.047764772103264,120,16,3,0.001249184,0.004849817,828320,1860521
Q6:pullback:grid4_presentation_r2_F3_s37,A4,Q6,pullback,F3,evaluation,native_construction,1/240,win,9.396219779134872,9.033355122302552,9.773660499610806,123,16,2,0.000222969,0.00213095,73760,648129
Q6:pullback:grid4_presentation_r2_F3_s37,A4,Q6,pullback,F3,evaluation,complete_query,1/240,win,22.611828145278523,21.557499344962995,23.717721795551217,123,16,2,0.000256991,0.005755127,79072,1081942
Q6:pullback:grid4_presentation_r2_F3_s37,A4,Q6,pullback,F3,evaluation,construction_and_query,1/240,win,16.354524948684094,15.89533300397817,16.826982248826738,123,16,2,0.000469796,0.007638326,152832,1730020
Q6:pushout:capped_crown4_presentation_r1_F2_s37,A4,Q6,pushout,F2,evaluation,native_construction,1/80,win,4.264519590136268,3.918383595621385,4.641232000608151,35,9,1,0.000261587,0.001130316,47208,273822
Q6:pushout:capped_crown4_presentation_r1_F2_s37,A4,Q6,pushout,F2,evaluation,complete_query,1/80,win,57.617750296668085,54.21326431923674,61.23603127272333,35,9,1,0.000211085,0.012125304,46624,4395646
Q6:pushout:capped_crown4_presentation_r1_F2_s37,A4,Q6,pushout,F2,evaluation,construction_and_query,1/80,win,29.08076756003318,27.282692675547136,30.997345164491485,35,9,1,0.000450975,0.012808841,93832,4669457
Q6:pullback:capped_crown8_presentation_r1_F101_s37,A4,Q6,pullback,F101,evaluation,native_construction,1/80,win,5.157454678224526,4.931239927408099,5.394046760957518,32,17,7,0.000288538,0.001505037,62520,338130
Q6:pullback:capped_crown8_presentation_r1_F101_s37,A4,Q6,pullback,F101,evaluation,complete_query,1/80,win,19.42144058226123,18.589037367063522,20.29111819198456,32,17,7,0.000196157,0.00383314,57296,653648
Q6:pullback:capped_crown8_presentation_r1_F101_s37,A4,Q6,pullback,F101,evaluation,construction_and_query,1/80,win,10.812442588122593,10.330243130753681,11.317150355677802,32,17,7,0.000478389,0.005072174,119816,991767
Q6:pushout:cube3_higher_extension_r1_QQ_s11,A4,Q6,pushout,QQ,development,native_construction,1/440,win,5.2959013552112175,4.59252444804912,6.107005304248744,3,8,0,0.000143825,0.000728303,42424,260364
Q6:pushout:cube3_higher_extension_r1_QQ_s11,A4,Q6,pushout,QQ,development,complete_query,1/440,win,20.937083027153452,20.044154729489556,21.86978955221229,3,8,0,0.00014693,0.003174505,35376,1267584
Q6:pushout:cube3_higher_extension_r1_QQ_s11,A4,Q6,pushout,QQ,development,construction_and_query,1/440,win,13.036199750472788,12.620239725289865,13.465869716696167,3,8,0,0.000275689,0.00360309,77800,1528057
Q6:pushout:cube3_higher_extension_r1_F3_s11,A4,Q6,pushout,F3,development,native_construction,1/240,win,7.576495181073868,7.3464636752493835,7.813729403199822,3,8,0,0.000122452,0.000918781,43704,219036
Q6:pushout:cube3_higher_extension_r1_F3_s11,A4,Q6,pushout,F3,development,complete_query,1/240,win,28.832530744306048,26.98298197491562,30.808856852595998,3,8,0,0.000130851,0.003770343,31760,1094435
Q6:pushout:cube3_higher_extension_r1_F3_s11,A4,Q6,pushout,F3,development,construction_and_query,1/240,win,18.885544283559096,18.011882012368478,19.801583346002168,3,8,0,0.000240071,0.004468144,75464,1313580
Q6:pullback:grid4_higher_extension_r1_QQ_s11,A4,Q6,pullback,QQ,development,native_construction,1/440,win,3.080629212855087,2.0102890900336985,4.720851540281237,19,16,1,0.00028857,0.001118786,73320,383284
Q6:pullback:grid4_higher_extension_r1_QQ_s11,A4,Q6,pullback,QQ,development,complete_query,1/440,win,11.349976594554926,10.125719365670388,12.722253505631873,19,16,1,0.000234212,0.002723682,71376,998807
Q6:pullback:grid4_higher_extension_r1_QQ_s11,A4,Q6,pullback,QQ,development,construction_and_query,1/440,win,7.60006263432321,6.1150102932001715,9.445765301468985,19,16,1,0.000448637,0.00356406,144696,1382112
Q6:pullback:grid4_higher_extension_r1_F3_s11,A4,Q6,pullback,F3,development,native_construction,1/240,win,7.411919705195605,6.793151550848307,8.087049627121392,19,16,1,0.000189643,0.001397048,61592,306764
Q6:pullback:grid4_higher_extension_r1_F3_s11,A4,Q6,pullback,F3,development,complete_query,1/240,win,23.045522118275017,22.069951817403634,24.0642160933536,19,16,1,0.000171295,0.003947051,56016,666583
Q6:pullback:grid4_higher_extension_r1_F3_s11,A4,Q6,pullback,F3,development,construction_and_query,1/240,win,15.117915472599243,14.197963577451652,16.09747531678607,19,16,1,0.000345286,0.005139519,117608,973296
Q7:homology:cube3_presentation_r1_QQ_s11,A5,Q7,homology,QQ,development,native_construction,1/440,win,2.2614004970310053,1.528351971023574,3.346043519378036,50,8,2,0.000675977,0.001443188,171256,538353
Q7:homology:cube3_presentation_r1_QQ_s11,A5,Q7,homology,QQ,development,complete_query,1/440,win,342.24481196284256,327.08085226869235,358.1117956096665,50,8,2,0.000985735,0.337604322,507272,137266463
Q7:homology:cube3_presentation_r1_QQ_s11,A5,Q7,homology,QQ,development,construction_and_query,1/440,win,259.2511244281285,243.9106258551258,275.5564472913533,50,8,2,0.001310611,0.340028886,678672,137804997
Q7:mapping_cone:cube3_presentation_r1_F3_s11,A5,Q7,mapping_cone,F3,development,native_construction,1/240,win,8.059798431295787,6.9928177183191815,9.28958159211565,79,8,2,0.000490341,0.003596537,187288,876752
Q7:mapping_cone:cube3_presentation_r1_F3_s11,A5,Q7,mapping_cone,F3,development,complete_query,1/240,win,63.84331103968441,56.44006760949267,72.21763787937685,79,8,2,0.000187976,0.011666493,127968,1855585
Q7:mapping_cone:cube3_presentation_r1_F3_s11,A5,Q7,mapping_cone,F3,development,construction_and_query,1/240,win,28.38662150299888,25.699388826979813,31.354842162961113,79,8,2,0.000552189,0.015086011,315256,2723219
Q7:homology:cube3_intervals_r1_QQ_s11,A5,Q7,homology,QQ,development,native_construction,1/440,win,4.15688883630127,3.9160959575201546,4.412487585801757,35,8,1,0.000328166,0.00134743,100768,495624
Q7:homology:cube3_intervals_r1_QQ_s11,A5,Q7,homology,QQ,development,complete_query,1/440,win,218.35048057201888,212.3634392059512,224.50631118190853,35,8,1,0.000628812,0.136562182,245384,57041862
Q7:homology:cube3_intervals_r1_QQ_s11,A5,Q7,homology,QQ,development,construction_and_query,1/440,win,161.96858750091872,154.49887862580354,169.7994417200989,35,8,1,0.000842123,0.13954839,345416,57537667
Q7:mapping_cone:cube3_intervals_r1_F3_s11,A5,Q7,mapping_cone,F3,development,native_construction,1/240,win,6.295711359723037,6.155748539092703,6.43885650514042,52,8,1,0.000548085,0.00343427,183256,737727
Q7:mapping_cone:cube3_intervals_r1_F3_s11,A5,Q7,mapping_cone,F3,development,complete_query,1/240,win,54.27358662736367,51.86403002347488,56.79508908321802,52,8,1,0.000184077,0.009873331,121744,1537784
Q7:mapping_cone:cube3_intervals_r1_F3_s11,A5,Q7,mapping_cone,F3,development,construction_and_query,1/240,win,19.958921523277855,18.278230503670205,21.794152792436613,52,8,1,0.000679563,0.013242851,305000,2266393
Q7:mapping_cone:cube3_nonsplit_r1_QQ_s11,A5,Q7,mapping_cone,QQ,development,native_construction,1/440,win,2.9071088636400275,1.9765192199012314,4.2758410138185905,48,8,1,0.000938818,0.002358395,284760,940729
Q7:mapping_cone:cube3_nonsplit_r1_QQ_s11,A5,Q7,mapping_cone,QQ,development,complete_query,1/440,win,24.398443949964168,22.749566193228688,26.166831583660127,48,8,1,0.000222851,0.005480454,137008,2284634
Q7:mapping_cone:cube3_nonsplit_r1_QQ_s11,A5,Q7,mapping_cone,QQ,development,construction_and_query,1/440,win,9.787452590498612,9.259852584291515,10.345113741201892,48,8,1,0.000775129,0.007547091,421304,3216381
Q7:homology:cube3_nonsplit_r1_F3_s11,A5,Q7,homology,F3,development,native_construction,1/240,win,4.409331634328878,2.648193177693483,7.341687013342094,30,8,1,0.000345896,0.001765368,56536,421018
Q7:homology:cube3_nonsplit_r1_F3_s11,A5,Q7,homology,F3,development,complete_query,1/240,win,323.87904292354415,306.02073665351736,342.7794978607548,30,8,1,0.000441534,0.141683087,177512,51902668
Q7:homology:cube3_nonsplit_r1_F3_s11,A5,Q7,homology,F3,development,construction_and_query,1/240,win,207.76963030427802,202.62268206860412,213.0473194613051,30,8,1,0.00070451,0.144190014,234048,52323723
Q7:mapping_cone:grid4_presentation_r1_QQ_s11,A5,Q7,mapping_cone,QQ,development,native_construction,1/440,win,3.206999808626996,3.0550219063216932,3.3665381420838156,204,16,3,0.001560991,0.004916989,1205744,1950897
Q7:mapping_cone:grid4_presentation_r1_QQ_s11,A5,Q7,mapping_cone,QQ,development,complete_query,1/440,win,45.08012560550548,43.27365827406538,46.96200426914432,204,16,3,0.000266565,0.012228005,276552,4613394
Q7:mapping_cone:grid4_presentation_r1_QQ_s11,A5,Q7,mapping_cone,QQ,development,construction_and_query,1/440,win,9.462335914147113,9.168641473549899,9.76543811975363,204,16,3,0.001783917,0.016987465,1483640,6555309
Q7:homology:grid4_presentation_r1_F3_s11,A5,Q7,homology,F3,development,native_construction,1/240,win,11.096856725359396,10.35716681047691,11.889373941393911,132,16,2,0.000323664,0.003392479,85920,935842
Q7:homology:grid4_presentation_r1_F3_s11,A5,Q7,homology,F3,development,complete_query,1/240,win,10099.534024459324,9590.12288828144,10636.004220117997,132,16,2,0.000899586,8.992122374,390280,2860586534
Q7:homology:grid4_presentation_r1_F3_s11,A5,Q7,homology,F3,development,construction_and_query,1/240,win,8094.65682398318,7903.610108572631,8290.321536355596,132,16,2,0.00112106,8.923969122,476200,2861522413
Q7:mapping_cone:grid4_intervals_r1_QQ_s11,A5,Q7,mapping_cone,QQ,development,native_construction,1/440,win,4.124546225910114,4.007824064085533,4.244667754284513,148,16,1,0.00106122,0.00436719,625440,1698174
Q7:mapping_cone:grid4_intervals_r1_QQ_s11,A5,Q7,mapping_cone,QQ,development,complete_query,1/440,win,44.53977105336587,41.495242156077936,47.80767872192491,148,16,1,0.000261838,0.011389843,249600,4164625
Q7:mapping_cone:grid4_intervals_r1_QQ_s11,A5,Q7,mapping_cone,QQ,development,construction_and_query,1/440,win,12.128119976449186,11.75666168037921,12.511314704975112,148,16,1,0.001297433,0.015769484,922640,5853817
Q7:homology:grid4_intervals_r1_F3_s11,A5,Q7,homology,F3,development,native_construction,1/240,win,10.506270926138308,9.849612193750044,11.206708102016497,99,16,1,0.000279521,0.002955077,79944,744031
Q7:homology:grid4_intervals_r1_F3_s11,A5,Q7,homology,F3,development,complete_query,1/240,win,4796.941648031735,4605.257515801867,4996.604228029755,99,16,1,0.000590682,2.794188463,295112,897327866
Q7:homology:grid4_intervals_r1_F3_s11,A5,Q7,homology,F3,development,construction_and_query,1/240,win,3700.9356762536586,3530.0380017726557,3880.1069203473257,99,16,1,0.000772143,2.787094722,377144,898071758
Q7:homology:grid4_nonsplit_r1_QQ_s11,A5,Q7,homology,QQ,development,native_construction,1/440,win,4.4018491326019245,4.083476788633474,4.745043694168405,56,16,1,0.000395849,0.001772464,170152,639864
Q7:homology:grid4_nonsplit_r1_QQ_s11,A5,Q7,homology,QQ,development,complete_query,1/440,win,1429.380602377007,1359.8301475802289,1502.4883145055533,56,16,1,0.000812893,1.137367103,402312,423000536
Q7:homology:grid4_nonsplit_r1_QQ_s11,A5,Q7,homology,QQ,development,construction_and_query,1/440,win,1061.4692819701622,1030.076324404944,1093.8189820226528,56,16,1,0.00109064,1.145678223,572032,423640541
Q7:mapping_cone:grid4_nonsplit_r1_F3_s11,A5,Q7,mapping_cone,F3,development,native_construction,1/240,win,11.859389971588097,11.39631632854415,12.341279975348963,98,16,1,0.000455643,0.00540968,252584,1091662
Q7:mapping_cone:grid4_nonsplit_r1_F3_s11,A5,Q7,mapping_cone,F3,development,complete_query,1/240,win,69.722571075466,68.32778989402588,71.14582404777069,98,16,1,0.000231384,0.016221687,173744,2306772
Q7:mapping_cone:grid4_nonsplit_r1_F3_s11,A5,Q7,mapping_cone,F3,development,construction_and_query,1/240,win,33.5711567442628,32.34955768343089,34.83888639766815,98,16,1,0.000642147,0.021408988,425240,3398463
Q7:mapping_cone:cube3_presentation_r1_F2_s11,A5,Q7,mapping_cone,F2,development,native_construction,1/40,win,8.129718301009433,6.893828170888896,9.58717247013218,79,8,1,0.000475041,0.003625696,187288,871000
Q7:mapping_cone:cube3_presentation_r1_F2_s11,A5,Q7,mapping_cone,F2,development,complete_query,1/40,win,64.91200616501277,57.85700201170096,72.82728793162332,79,8,1,0.000193263,0.011839584,127968,1800065
Q7:mapping_cone:cube3_presentation_r1_F2_s11,A5,Q7,mapping_cone,F2,development,construction_and_query,1/40,win,28.38120694859575,24.847543422672334,32.41740618607961,79,8,1,0.000560967,0.015237146,315256,2661947
Q7:homology:cube3_presentation_r1_F101_s11,A5,Q7,homology,F101,development,native_construction,1/40,win,2.4631782241937,1.7659155762418868,3.435751428759677,50,8,7,0.000768087,0.001841409,58776,487705
Q7:homology:cube3_presentation_r1_F101_s11,A5,Q7,homology,F101,development,complete_query,1/40,win,612.6063685594881,592.3578099892231,633.5470833185622,50,8,7,0.000641701,0.389752039,230104,136512461
Q7:homology:cube3_presentation_r1_F101_s11,A5,Q7,homology,F101,development,construction_and_query,1/40,win,412.2788049756451,383.70297608740833,442.98278518805546,50,8,7,0.000958182,0.39541204,288880,137000203
Q7:homology:grid4_presentation_r1_F2_s11,A5,Q7,homology,F2,development,native_construction,1/80,win,9.333878569542938,7.660971103871117,11.372094734432586,128,16,1,0.000370961,0.003238374,83064,900730
Q7:homology:grid4_presentation_r1_F2_s11,A5,Q7,homology,F2,development,complete_query,1/80,win,11149.72969710512,10591.977973188768,11736.851476956172,128,16,1,0.000709324,7.869676445,342808,2610088926
Q7:homology:grid4_presentation_r1_F2_s11,A5,Q7,homology,F2,development,construction_and_query,1/80,win,8415.221370020308,8085.1655442570445,8758.750865249456,128,16,1,0.000914285,7.778158789,427960,2610989693
Q7:mapping_cone:grid4_presentation_r1_F101_s11,A5,Q7,mapping_cone,F101,development,native_construction,1/80,win,11.782796726416983,9.244943980278146,15.017321791482155,204,16,7,0.000598768,0.007264509,272312,1830921
Q7:mapping_cone:grid4_presentation_r1_F101_s11,A5,Q7,mapping_cone,F101,development,complete_query,1/80,win,108.99902426668422,103.00501247696344,115.34183633778302,204,16,7,0.00024934,0.027232885,205216,3984042
Q7:mapping_cone:grid4_presentation_r1_F101_s11,A5,Q7,mapping_cone,F101,development,construction_and_query,1/80,win,48.07941754376456,46.64582889039406,49.55706536546719,204,16,7,0.000746992,0.035244989,479616,5805845
Q7:mapping_cone:cube3_presentation_r2_QQ_s11,A5,Q7,mapping_cone,QQ,development,native_construction,1/440,win,3.040080100357249,2.752735612292941,3.3574190617201247,89,8,3,0.000916185,0.002756281,516080,1071362
Q7:mapping_cone:cube3_presentation_r2_QQ_s11,A5,Q7,mapping_cone,QQ,development,complete_query,1/440,win,34.80100465151036,33.79862988049737,35.833107112228994,89,8,3,0.000192575,0.006666767,158848,2542739
Q7:mapping_cone:cube3_presentation_r2_QQ_s11,A5,Q7,mapping_cone,QQ,development,construction_and_query,1/440,win,8.584582906219937,7.8998617016007096,9.328652381196887,89,8,3,0.00105416,0.009000937,674768,3605119
Q7:mapping_cone:cube3_presentation_r3_QQ_s11,A5,Q7,mapping_cone,QQ,development,native_construction,1/440,win,2.8838416354679786,2.5142030290016626,3.3078245800065518,97,8,2,0.000969156,0.002730274,626080,1090170
Q7:mapping_cone:cube3_presentation_r3_QQ_s11,A5,Q7,mapping_cone,QQ,development,complete_query,1/440,win,34.28606591366206,32.01585115618058,36.71725952564734,97,8,2,0.00019238,0.006478555,165328,2585067
Q7:mapping_cone:cube3_presentation_r3_QQ_s11,A5,Q7,mapping_cone,QQ,development,construction_and_query,1/440,win,8.076209668856302,7.34959533690779,8.874660389502527,97,8,2,0.001126267,0.008926858,791424,3666255
Q7:homology:grid4_presentation_r2_QQ_s11,A5,Q7,homology,QQ,development,native_construction,1/440,win,2.7462129278900513,2.4592546727366993,3.066654921475837,154,16,6,0.001062113,0.002792008,633304,1067122
Q7:homology:grid4_presentation_r2_QQ_s11,A5,Q7,homology,QQ,development,complete_query,1/440,win,5029.071439833725,4703.96059247499,5376.652089180045,154,16,6,0.00226372,11.155563645,1901928,4721433920
Q7:homology:grid4_presentation_r2_QQ_s11,A5,Q7,homology,QQ,development,construction_and_query,1/440,win,3655.7913630527632,3417.179910119078,3911.064340099512,154,16,6,0.003147511,11.158172018,2536496,4722501183
Q7:homology:grid4_presentation_r3_QQ_s11,A5,Q7,homology,QQ,development,native_construction,1/440,win,2.3922463504076474,2.263322440587083,2.5285140545658455,180,16,5,0.001245638,0.00297443,777112,1174210
Q7:homology:grid4_presentation_r3_QQ_s11,A5,Q7,homology,QQ,development,complete_query,1/440,win,6096.397005496119,5945.700553434279,6250.912926846722,180,16,5,0.002615008,16.104033353,2396416,6791153248
Q7:homology:grid4_presentation_r3_QQ_s11,A5,Q7,homology,QQ,development,construction_and_query,1/440,win,4414.204110704577,4341.808276069497,4487.807082214262,180,16,5,0.003620016,16.045104945,3173480,6792327599
Q7:homology:cube3_projective_r1_QQ_s11,A5,Q7,homology,QQ,development,native_construction,1/440,win,3.7138010090075193,3.4089746007945947,4.045884627973007,41,8,2,0.000394857,0.001410801,134328,515851
Q7:homology:cube3_projective_r1_QQ_s11,A5,Q7,homology,QQ,development,complete_query,1/440,win,293.112664226155,280.40526827712233,306.3959334916829,41,8,2,0.00091733,0.264977686,451864,107360914
Q7:homology:cube3_projective_r1_QQ_s11,A5,Q7,homology,QQ,development,construction_and_query,1/440,win,223.14331914262817,210.4454133941874,236.60739416886773,41,8,2,0.001178206,0.267405905,585440,107876946
Q7:mapping_cone:cube3_injective_r1_QQ_s11,A5,Q7,mapping_cone,QQ,development,native_construction,1/440,win,3.4772898411129596,3.197418904152085,3.781657956486598,64,8,3,0.00075879,0.002600079,381312,999406
Q7:mapping_cone:cube3_injective_r1_QQ_s11,A5,Q7,mapping_cone,QQ,development,complete_query,1/440,win,24.775823267826805,23.65589227683783,25.948774682222325,64,8,3,0.000250337,0.006125412,143424,2397743
Q7:mapping_cone:cube3_injective_r1_QQ_s11,A5,Q7,mapping_cone,QQ,development,construction_and_query,1/440,win,9.526923945959277,8.885561418109885,10.2145802162942,64,8,3,0.000862745,0.008424292,520272,3388167
Q7:mapping_cone:grid4_projective_r1_QQ_s11,A5,Q7,mapping_cone,QQ,development,native_construction,1/440,win,4.009344732036872,3.7937295641191233,4.2372143055073765,156,16,2,0.001124405,0.004562597,844240,1726573
Q7:mapping_cone:grid4_projective_r1_QQ_s11,A5,Q7,mapping_cone,QQ,development,complete_query,1/440,win,45.865767549564495,43.095642734174696,48.81395193214004,156,16,2,0.000249638,0.011200656,242880,4159398
Q7:mapping_cone:grid4_projective_r1_QQ_s11,A5,Q7,mapping_cone,QQ,development,construction_and_query,1/440,win,11.058056128300867,10.696612427114385,11.431713186755132,156,16,2,0.00139016,0.015329928,1087920,5876989
Q7:homology:grid4_injective_r1_QQ_s11,A5,Q7,homology,QQ,development,native_construction,1/440,win,3.4621752766195293,3.307367868791668,3.624228728573452,100,16,5,0.000673099,0.002309034,367784,866477
Q7:homology:grid4_injective_r1_QQ_s11,A5,Q7,homology,QQ,development,complete_query,1/440,win,1786.4723219664759,1741.7471384706419,1832.345974143299,100,16,5,0.001816544,3.251583478,1508568,1196893030
Q7:homology:grid4_injective_r1_QQ_s11,A5,Q7,homology,QQ,development,construction_and_query,1/440,win,1431.112013862219,1368.7307785949772,1496.3363345443017,100,16,5,0.002287567,3.255829075,1871664,1197759472
Q7:homology:grid4_presentation_r2_QQ_s11_numerator64,A5,Q7,homology,QQ,development,native_construction,1/440,win,2.7109611885611677,2.6038599692172526,2.822467664455189,154,16,132,0.001058332,0.002914209,635768,1091346
Q7:homology:grid4_presentation_r2_QQ_s11_numerator64,A5,Q7,homology,QQ,development,complete_query,1/440,win,4631.869190950115,4490.431338510012,4777.761997623968,154,16,132,0.002437941,11.213032173,2004712,4722202536
Q7:homology:grid4_presentation_r2_QQ_s11_numerator64,A5,Q7,homology,QQ,development,construction_and_query,1/440,win,3348.9813453816746,3192.4333024984717,3513.2060685298597,154,16,132,0.003342659,11.252949583,2640736,4723294023
Q7:mapping_cone:grid4_presentation_r2_QQ_s11_denominator64,A5,Q7,mapping_cone,QQ,development,native_construction,1/440,win,3.147779153695508,3.0251136966628778,3.2754185772820645,242,16,133,0.001924357,0.006026234,1488984,2341873
Q7:mapping_cone:grid4_presentation_r2_QQ_s11_denominator64,A5,Q7,mapping_cone,QQ,development,complete_query,1/440,win,53.594593526520605,51.73772541854114,55.51810467190727,242,16,133,0.000281366,0.015002395,307680,5557290
Q7:mapping_cone:grid4_presentation_r2_QQ_s11_denominator64,A5,Q7,mapping_cone,QQ,development,construction_and_query,1/440,win,9.318854948030738,9.054079580849415,9.591373343582864,242,16,133,0.002208264,0.020437282,1798120,7890181
Q7:homology:capped_crown4_presentation_r1_QQ_s11,A5,Q7,homology,QQ,development,native_construction,1/440,win,3.543868895490583,3.4203780938833312,3.6718182621052744,43,9,2,0.000394521,0.001416588,142040,510330
Q7:homology:capped_crown4_presentation_r1_QQ_s11,A5,Q7,homology,QQ,development,complete_query,1/440,win,262.0306236207654,251.71961314913204,272.76399663942505,43,9,2,0.000980974,0.256868968,484080,102196029
Q7:homology:capped_crown4_presentation_r1_QQ_s11,A5,Q7,homology,QQ,development,construction_and_query,1/440,win,206.55770660545718,200.00083318512455,213.32954207552524,43,9,2,0.001235118,0.259573919,623984,102706540
Q7:homology:capped_crown4_presentation_r1_F3_s11,A5,Q7,homology,F3,development,native_construction,1/240,win,4.690474012182338,4.322404881384583,5.089885622170247,43,9,2,0.000375672,0.001728404,58456,453882
Q7:homology:capped_crown4_presentation_r1_F3_s11,A5,Q7,homology,F3,development,complete_query,1/240,win,448.60805439268034,430.80251439650175,467.1495168683265,43,9,2,0.000655477,0.291395779,222824,101426646
Q7:homology:capped_crown4_presentation_r1_F3_s11,A5,Q7,homology,F3,development,construction_and_query,1/240,win,315.6036325739792,299.0471338208655,333.0767682714418,43,9,2,0.000940509,0.290073083,281280,101880565
Q7:mapping_cone:capped_crown8_presentation_r1_QQ_s11,A5,Q7,mapping_cone,QQ,development,native_construction,1/440,win,4.620495705708698,4.223356077267923,5.054980014918163,73,17,2,0.000857138,0.003914169,489520,1428405
Q7:mapping_cone:capped_crown8_presentation_r1_QQ_s11,A5,Q7,mapping_cone,QQ,development,complete_query,1/440,win,43.05308420008215,41.915174939990294,44.22188531464095,73,17,2,0.000235182,0.010117714,206752,3643198
Q7:mapping_cone:capped_crown8_presentation_r1_QQ_s11,A5,Q7,mapping_cone,QQ,development,construction_and_query,1/440,win,13.084272756758821,12.46904970979935,13.729850915480547,73,17,2,0.00105651,0.013624276,695936,5062621
Q7:mapping_cone:capped_crown8_presentation_r1_F3_s11,A5,Q7,mapping_cone,F3,development,native_construction,1/240,win,12.82568389423774,11.842293825437519,13.89073517172522,73,17,2,0.000442291,0.005653081,248856,1002253
Q7:mapping_cone:capped_crown8_presentation_r1_F3_s11,A5,Q7,mapping_cone,F3,development,complete_query,1/240,win,75.53941292040213,70.66086493630885,80.75478427135559,73,17,2,0.000231599,0.017279164,168624,2075454
Q7:mapping_cone:capped_crown8_presentation_r1_F3_s11,A5,Q7,mapping_cone,F3,development,construction_and_query,1/240,win,35.91405989431491,33.891651634582324,38.05715082874078,73,17,2,0.000628089,0.022131772,417480,3068589
Q7:homology:cube3_presentation_r2_QQ_s37,A5,Q7,homology,QQ,evaluation,native_construction,1/440,win,2.7805450778869565,2.6866319964228573,2.8777409561322393,60,8,5,0.000560923,0.001549091,216864,563993
Q7:homology:cube3_presentation_r2_QQ_s37,A5,Q7,homology,QQ,evaluation,complete_query,1/440,win,429.7142912171218,404.47100339143867,456.53302839493955,60,8,5,0.001151828,0.490932524,700632,190328659
Q7:homology:cube3_presentation_r2_QQ_s37,A5,Q7,homology,QQ,evaluation,construction_and_query,1/440,win,319.29609572679067,308.4177206784569,330.55816806538354,60,8,5,0.001566654,0.494950784,911496,190892833
Q7:homology:cube3_presentation_r2_F3_s37,A5,Q7,homology,F3,evaluation,native_construction,1/240,win,4.897132233888556,4.333757199853404,5.5337442801367684,61,8,2,0.000407991,0.002009632,60168,533641
Q7:homology:cube3_presentation_r2_F3_s37,A5,Q7,homology,F3,evaluation,complete_query,1/240,win,915.8469352576386,831.5086406488768,1008.7394980841829,61,8,2,0.000675464,0.609272063,236104,197516287
Q7:homology:cube3_presentation_r2_F3_s37,A5,Q7,homology,F3,evaluation,construction_and_query,1/240,win,585.7024169346657,545.6550839413627,628.6889489331205,61,8,2,0.001079985,0.614957645,296272,198049965
Q7:mapping_cone:grid4_presentation_r2_QQ_s37,A5,Q7,mapping_cone,QQ,evaluation,native_construction,1/440,win,2.820392120366489,2.747861072914911,2.8948376579268555,247,16,7,0.001868025,0.005327419,1543976,2153934
Q7:mapping_cone:grid4_presentation_r2_QQ_s37,A5,Q7,mapping_cone,QQ,evaluation,complete_query,1/440,win,43.66741788463646,40.63782677579076,46.922868076386294,247,16,7,0.000291785,0.01302052,313752,5069135
Q7:mapping_cone:grid4_presentation_r2_QQ_s37,A5,Q7,mapping_cone,QQ,evaluation,construction_and_query,1/440,win,8.25227317178757,8.027784721541696,8.483039202467127,247,16,7,0.00221079,0.018141077,1858816,7214087
Q7:mapping_cone:grid4_presentation_r2_F3_s37,A5,Q7,mapping_cone,F3,evaluation,native_construction,1/240,win,15.032080018174288,14.000305892716076,16.139892328378085,253,16,2,0.000550713,0.008225968,288704,2442894
Q7:mapping_cone:grid4_presentation_r2_F3_s37,A5,Q7,mapping_cone,F3,evaluation,complete_query,1/240,win,131.42264054386297,123.70763905979128,139.61878650980827,253,16,2,0.000254533,0.033368165,223984,5587495
Q7:mapping_cone:grid4_presentation_r2_F3_s37,A5,Q7,mapping_cone,F3,evaluation,construction_and_query,1/240,win,54.17846796014318,52.72967672549864,55.66706592549292,253,16,2,0.000755656,0.041173201,510600,8021271
Q7:homology:capped_crown4_presentation_r1_F2_s37,A5,Q7,homology,F2,evaluation,native_construction,1/80,win,4.414224791504078,3.5833844945002427,5.4377029704278925,46,9,1,0.000386047,0.001773172,58104,461790
Q7:homology:capped_crown4_presentation_r1_F2_s37,A5,Q7,homology,F2,evaluation,complete_query,1/80,win,685.7452679765818,661.2099098100871,711.1910538172941,46,9,1,0.000510743,0.344715742,194808,116552248
Q7:homology:capped_crown4_presentation_r1_F2_s37,A5,Q7,homology,F2,evaluation,construction_and_query,1/80,win,433.8435677483576,419.91244555963675,448.23687239318167,46,9,1,0.000806288,0.346866812,252912,117014115
Q7:mapping_cone:capped_crown8_presentation_r1_F101_s37,A5,Q7,mapping_cone,F101,evaluation,native_construction,1/80,win,11.971024624867235,10.424845430241822,13.746528092729093,73,17,7,0.000467033,0.005506707,248856,1002185
Q7:mapping_cone:capped_crown8_presentation_r1_F101_s37,A5,Q7,mapping_cone,F101,evaluation,complete_query,1/80,win,75.85980384603361,68.0345304823535,84.58513344266157,73,17,7,0.000231194,0.017055159,168624,2078546
Q7:mapping_cone:capped_crown8_presentation_r1_F101_s37,A5,Q7,mapping_cone,F101,evaluation,construction_and_query,1/80,win,35.70829115142663,34.330223476193815,37.14167657077021,73,17,7,0.00063335,0.022510773,417480,3071613
Q7:homology:cube3_higher_extension_r1_QQ_s11,A5,Q7,homology,QQ,development,native_construction,1/440,win,3.0316219152381865,1.985301243628916,4.62938884788728,4,8,0,0.000325652,0.001143344,52696,433036
Q7:homology:cube3_higher_extension_r1_QQ_s11,A5,Q7,homology,QQ,development,complete_query,1/440,win,38.38268380759425,33.63186432145308,43.80460155858841,4,8,0,0.000524373,0.01823923,186904,7608242
Q7:homology:cube3_higher_extension_r1_QQ_s11,A5,Q7,homology,QQ,development,construction_and_query,1/440,win,28.107640189795465,24.78994350204222,31.86935206100494,4,8,0,0.000719042,0.019457827,239824,8041459
Q7:homology:cube3_higher_extension_r1_F3_s11,A5,Q7,homology,F3,development,native_construction,1/240,win,7.2982943730020455,7.168365448470048,7.430578300993535,4,8,0,0.000198848,0.001451913,53224,364796
Q7:homology:cube3_higher_extension_r1_F3_s11,A5,Q7,homology,F3,development,complete_query,1/240,win,50.21032746540163,48.6765418741887,51.79244225481218,4,8,0,0.000404607,0.020064821,156296,7384021
Q7:homology:cube3_higher_extension_r1_F3_s11,A5,Q7,homology,F3,development,construction_and_query,1/240,win,40.93506770357162,38.85454328133975,43.126996906453215,4,8,0,0.000525968,0.021203974,209520,7748854
Q7:mapping_cone:grid4_higher_extension_r1_QQ_s11,A5,Q7,mapping_cone,QQ,development,native_construction,1/440,win,4.550320335312115,3.8896049249902362,5.323269471643559,22,16,1,0.000705511,0.003304035,301528,1267100
Q7:mapping_cone:grid4_higher_extension_r1_QQ_s11,A5,Q7,mapping_cone,QQ,development,complete_query,1/440,win,31.838629862388107,30.35888226183267,33.39050307489674,22,16,1,0.00027906,0.008679637,186624,3366768
Q7:mapping_cone:grid4_higher_extension_r1_QQ_s11,A5,Q7,mapping_cone,QQ,development,construction_and_query,1/440,win,13.869305294316785,13.641158836680185,14.101267469280288,22,16,1,0.000836541,0.011669333,489176,4624886
Q7:mapping_cone:grid4_higher_extension_r1_F3_s11,A5,Q7,mapping_cone,F3,development,native_construction,1/240,win,10.109695045026724,9.763622166035907,10.468034522984228,22,16,1,0.000476409,0.004721794,241736,795500
Q7:mapping_cone:grid4_higher_extension_r1_F3_s11,A5,Q7,mapping_cone,F3,development,complete_query,1/240,win,60.47026609022467,55.388262393695,66.01855561077905,22,16,1,0.000223255,0.013087557,156960,1661304
Q7:mapping_cone:grid4_higher_extension_r1_F3_s11,A5,Q7,mapping_cone,F3,development,construction_and_query,1/240,win,25.251899396161342,18.489535873988807,34.48752999857154,22,16,1,0.000651944,0.017717855,398696,2447686
Q1:hom_basis:cube3_presentation_r1_QQ_s11,A1,Q1,hom_basis,QQ,development,native_construction,1/700,win,1.1365644660431593,0.7556254735662047,1.7095490168897693,25,8,2,0.000621648,0.000592395,58512,171653
Q1:hom_basis:cube3_presentation_r1_QQ_s11,A1,Q1,hom_basis,QQ,development,complete_query,1/700,win,1.1643041696387215,1.0735559205766187,1.262723416130948,25,8,2,0.000276416,0.000327073,101992,68916
Q1:hom_basis:cube3_presentation_r1_QQ_s11,A1,Q1,hom_basis,QQ,development,construction_and_query,1/700,win,1.7590138878451183,1.687590937575306,1.83345963096814,25,8,2,0.000461408,0.000825484,160264,240606
Q1:hom_basis:cube3_intervals_r1_QQ_s11,A1,Q1,hom_basis,QQ,development,native_construction,1/700,win,1.6129703588276003,0.8116971526883354,3.205226690570139,17,8,1,0.000434103,0.000542306,42592,153850
Q1:hom_basis:cube3_intervals_r1_QQ_s11,A1,Q1,hom_basis,QQ,development,complete_query,1/700,win,3.406437572221078,3.111051175766518,3.729870155729733,17,8,1,4.5443e-05,0.000150741,8384,17575
Q1:hom_basis:cube3_intervals_r1_QQ_s11,A1,Q1,hom_basis,QQ,development,construction_and_query,1/700,win,3.0219496889051705,2.864493848616514,3.188060580644882,17,8,1,0.000214098,0.000653458,50976,171390
Q1:hom_basis:cube3_nonsplit_r1_QQ_s11,A1,Q1,hom_basis,QQ,development,native_construction,1/700,win,3.737024864312836,3.4006662920753947,4.106652531310105,12,8,1,0.00013879,0.00051571,35672,142916
Q1:hom_basis:cube3_nonsplit_r1_QQ_s11,A1,Q1,hom_basis,QQ,development,complete_query,1/700,win,10.275870419845896,9.82504346969767,10.74738378625343,12,8,1,8.042e-06,8.2789e-05,928,9559
Q1:hom_basis:cube3_nonsplit_r1_QQ_s11,A1,Q1,hom_basis,QQ,development,construction_and_query,1/700,win,4.024019517351393,3.7883473360398705,4.274352808671427,12,8,1,0.000142872,0.000570393,36600,152456
Q1:hom_basis:cube3_projective_r1_QQ_s11,A1,Q1,hom_basis,QQ,development,native_construction,1/700,win,1.8545731373882621,1.625297596909471,2.1161918460116436,25,8,2,0.000310943,0.000588441,54072,171469
Q1:hom_basis:cube3_projective_r1_QQ_s11,A1,Q1,hom_basis,QQ,development,complete_query,1/700,win,1.2506853535116944,1.1625905733786848,1.3454554761637214,25,8,2,0.000247513,0.000315168,82616,66464
Q1:hom_basis:cube3_projective_r1_QQ_s11,A1,Q1,hom_basis,QQ,development,construction_and_query,1/700,win,1.9333955835510241,1.7346148628589506,2.154955870915168,25,8,2,0.00041455,0.000817907,135776,237970
Q1:hom_basis:cube3_injective_r1_QQ_s11,A1,Q1,hom_basis,QQ,development,native_construction,1/700,win,1.7892589752739754,1.6261075553582889,1.9687797833846756,25,8,3,0.000326174,0.000605421,54072,173757
Q1:hom_basis:cube3_injective_r1_QQ_s11,A1,Q1,hom_basis,QQ,development,complete_query,1/700,win,1.390187506064402,1.2317350923315158,1.569023497056789,25,8,3,0.000236,0.000339051,87168,66384
Q1:hom_basis:cube3_injective_r1_QQ_s11,A1,Q1,hom_basis,QQ,development,construction_and_query,1/700,win,2.0218123598466637,1.8117532209064264,2.2562262736774006,25,8,3,0.000405434,0.000852868,140488,240178
Q1:hom_basis:grid4_presentation_r2_QQ_s11_numerator64,A1,Q1,hom_basis,QQ,development,native_construction,1/700,win,2.120865409630555,1.9320979084242271,2.328075645729517,74,16,132,0.000471269,0.001045317,175288,344373
Q1:hom_basis:grid4_presentation_r2_QQ_s11_numerator64,A1,Q1,hom_basis,QQ,development,complete_query,1/700,win,3.2839240332166066,2.999792553830782,3.5949676060653215,74,16,132,0.001895733,0.006191373,1324888,2834576
Q1:hom_basis:grid4_presentation_r2_QQ_s11_numerator64,A1,Q1,hom_basis,QQ,development,construction_and_query,1/700,win,3.179202068540348,3.1367817650116288,3.222196043521618,74,16,132,0.002266444,0.007239009,1503024,3178986
Q1:hom_basis:capped_crown4_presentation_r1_F3_s11,A1,Q1,hom_basis,F3,development,native_construction,1/300,win,3.9623765759305494,3.4724393209865076,4.521440600730979,21,9,2,0.000157373,0.000605481,29416,150237
Q1:hom_basis:capped_crown4_presentation_r1_F3_s11,A1,Q1,hom_basis,F3,development,complete_query,1/300,win,9.279335528319326,8.738055867104174,9.854144807117741,21,9,2,2.004e-05,0.000187726,8608,18103
Q1:hom_basis:capped_crown4_presentation_r1_F3_s11,A1,Q1,hom_basis,F3,development,construction_and_query,1/300,win,4.2766493899375035,3.887517710817987,4.704732264899292,21,9,2,0.000170796,0.000723426,38024,168417
Q1:hom_basis:capped_crown8_presentation_r1_F3_s11,A1,Q1,hom_basis,F3,development,native_construction,1/300,win,4.541965545294315,4.262724844929816,4.839498622384186,25,17,2,0.000181709,0.00081793,39448,195799
Q1:hom_basis:capped_crown8_presentation_r1_F3_s11,A1,Q1,hom_basis,F3,development,complete_query,1/300,win,11.432593829256518,10.589573265846633,12.342726036591094,25,17,2,2.8511e-05,0.000316896,10400,35720
Q1:hom_basis:capped_crown8_presentation_r1_F3_s11,A1,Q1,hom_basis,F3,development,construction_and_query,1/300,win,5.340231358483793,4.618136628965504,6.175233271199668,25,17,2,0.000197164,0.00104149,49848,231668
Q1:hom_basis:cube3_presentation_r1_F2_s11,A1,Q1,hom_basis,F2,development,native_construction,1/100,win,3.4820830739152515,3.1968672218172984,3.792745113372127,25,8,1,0.000188431,0.000650733,29384,159445
Q1:hom_basis:cube3_presentation_r1_F2_s11,A1,Q1,hom_basis,F2,development,complete_query,1/100,win,8.412392426710683,7.399686464275429,9.563695256905572,25,8,1,3.4936e-05,0.000306405,17232,41924
Q1:hom_basis:cube3_presentation_r1_F2_s11,A1,Q1,hom_basis,F2,development,construction_and_query,1/100,win,3.760487623454718,3.3113323016945646,4.270567215171779,25,8,1,0.000227457,0.000872208,46616,201518
Q1:hom_basis:grid4_presentation_r1_F101_s11,A1,Q1,hom_basis,F101,development,native_construction,1/100,win,2.177696333449,1.1367225432489196,4.171960298388079,60,16,7,0.00032301,0.000982451,41448,282517
Q1:hom_basis:grid4_presentation_r1_F101_s11,A1,Q1,hom_basis,F101,development,complete_query,1/100,win,7.350455125475624,6.86442100758597,7.870902803298695,60,16,7,7.7661e-05,0.000580022,52832,95652
Q1:hom_basis:grid4_presentation_r1_F101_s11,A1,Q1,hom_basis,F101,development,construction_and_query,1/100,win,4.041974063331641,3.560685816283707,4.588316737728134,60,16,7,0.000376492,0.001464807,94280,378318
Q1:hom_basis:cube3_presentation_r2_QQ_s37,A1,Q1,hom_basis,QQ,evaluation,native_construction,1/700,win,1.4653458704528077,0.9835802816583727,2.1830841468606197,29,8,5,0.000352533,0.000632332,63984,178997
Q1:hom_basis:cube3_presentation_r2_QQ_s37,A1,Q1,hom_basis,QQ,evaluation,complete_query,1/700,win,1.3016725509348666,1.1345633794730128,1.493395133768801,29,8,5,0.000313911,0.0004293,140728,99116
Q1:hom_basis:cube3_presentation_r2_QQ_s37,A1,Q1,hom_basis,QQ,evaluation,construction_and_query,1/700,win,1.7826343937745568,1.5347083995955795,2.070611839164612,29,8,5,0.000521145,0.000944681,205992,278150
Q1:hom_basis:grid4_presentation_r2_F3_s37,A1,Q1,hom_basis,F3,evaluation,native_construction,1/300,win,2.5701600617032674,1.408456689900282,4.690043215487319,70,16,2,0.000304339,0.001063363,41992,308765
Q1:hom_basis:grid4_presentation_r2_F3_s37,A1,Q1,hom_basis,F3,evaluation,complete_query,1/300,win,5.872550331289324,5.57929902288325,6.181215104635916,70,16,2,0.00012583,0.000739491,68168,109260
Q1:hom_basis:grid4_presentation_r2_F3_s37,A1,Q1,hom_basis,F3,evaluation,construction_and_query,1/300,win,4.189759102315439,4.04344230659737,4.34137054627772,70,16,2,0.000408561,0.001671644,110160,418174
Q2:ext1_dimension:cube3_presentation_r1_F3_s11,A1,Q2,ext1_dimension,F3,development,native_construction,1/400,win,3.5283599519020474,3.244278475185049,3.8373166931905027,25,8,2,0.000193121,0.000669811,29224,159797
Q2:ext1_dimension:cube3_presentation_r1_F3_s11,A1,Q2,ext1_dimension,F3,development,complete_query,1/400,win,172.28543031699934,167.4036187007403,177.30960495289682,25,8,2,0.000487603,0.08375108,128896,26802227
Q2:ext1_dimension:cube3_presentation_r1_F3_s11,A1,Q2,ext1_dimension,F3,development,construction_and_query,1/400,win,137.49087764958014,128.56679461024737,147.03439946650968,25,8,2,0.00062344,0.083907186,158120,26961965
Q2:ext1_dimension:cube3_nonsplit_r1_F3_s11,A1,Q2,ext1_dimension,F3,development,native_construction,1/400,win,5.365750809542472,4.960365230989124,5.804266502441505,12,8,1,0.000122095,0.000655612,28408,132164
Q2:ext1_dimension:cube3_nonsplit_r1_F3_s11,A1,Q2,ext1_dimension,F3,development,complete_query,1/400,win,121.41690030871597,110.95574701379158,132.8643542794071,12,8,1,0.00046172,0.056937556,125728,15576673
Q2:ext1_dimension:cube3_nonsplit_r1_F3_s11,A1,Q2,ext1_dimension,F3,development,construction_and_query,1/400,win,105.45052714678798,95.89477315405357,115.95849606601234,12,8,1,0.000542044,0.056065771,154136,15709002
Q2:ext1_dimension:grid4_presentation_r1_F3_s11,A1,Q2,ext1_dimension,F3,development,native_construction,1/400,win,3.5841808504444366,3.314330753514931,3.8760019213739385,64,16,2,0.000283633,0.001028161,41480,291773
Q2:ext1_dimension:grid4_presentation_r1_F3_s11,A1,Q2,ext1_dimension,F3,development,complete_query,1/400,win,1456.0324023692262,1373.2307831037153,1543.826706212849,64,16,2,0.000651119,0.956476658,252184,311859232
Q2:ext1_dimension:grid4_presentation_r1_F3_s11,A1,Q2,ext1_dimension,F3,development,construction_and_query,1/400,win,1119.6557592525967,1064.8105999155096,1177.325826139392,64,16,2,0.000869757,0.966775317,293664,312151130
Q2:ext1_dimension:grid4_nonsplit_r1_F3_s11,A1,Q2,ext1_dimension,F3,development,native_construction,1/400,win,4.142593990095358,3.812696758687108,4.501035894783186,28,16,1,0.000200969,0.000852289,38456,199960
Q2:ext1_dimension:grid4_nonsplit_r1_F3_s11,A1,Q2,ext1_dimension,F3,development,complete_query,1/400,win,1081.6928826241299,1019.3561446995416,1147.8417022389938,28,16,1,0.000565468,0.619488086,203080,201529298
Q2:ext1_dimension:grid4_nonsplit_r1_F3_s11,A1,Q2,ext1_dimension,F3,development,construction_and_query,1/400,win,853.7637503250251,802.127337202156,908.7242231532966,28,16,1,0.000715354,0.61989475,242624,201729607
Q2:ext1_dimension:cube3_presentation_r3_QQ_s11,A1,Q2,ext1_dimension,QQ,development,native_construction,1/400,win,1.1619511299705823,0.7908663079069377,1.7071538070866774,31,8,2,0.000632741,0.000608539,71304,180133
Q2:ext1_dimension:cube3_presentation_r3_QQ_s11,A1,Q2,ext1_dimension,QQ,development,complete_query,1/400,win,172.63349010302153,167.20498674585843,178.23823610265748,31,8,2,0.000588245,0.102101258,216320,36873151
Q2:ext1_dimension:cube3_presentation_r3_QQ_s11,A1,Q2,ext1_dimension,QQ,development,construction_and_query,1/400,win,128.9272089788681,121.79065576111573,136.4819419946643,31,8,2,0.000799231,0.102045285,288360,37053449
Q2:ext1_dimension:grid4_presentation_r3_QQ_s11,A1,Q2,ext1_dimension,QQ,development,native_construction,1/400,win,2.4581593723827773,2.3149486138165334,2.610229645690174,81,16,5,0.000416994,0.001037811,189976,355661
Q2:ext1_dimension:grid4_presentation_r3_QQ_s11,A1,Q2,ext1_dimension,QQ,development,complete_query,1/400,win,776.4381558498592,762.3675375159452,790.7684682165803,81,16,5,0.001750831,1.353857902,1515848,500345808
Q2:ext1_dimension:grid4_presentation_r3_QQ_s11,A1,Q2,ext1_dimension,QQ,development,construction_and_query,1/400,win,637.5556555826046,601.2508033594822,676.0526750137841,81,16,5,0.002092437,1.335089335,1706768,500701594
Q2:ext1_dimension:grid4_presentation_r2_QQ_s11_denominator64,A1,Q2,ext1_dimension,QQ,development,native_construction,1/400,win,2.5356572045327446,2.416962399667723,2.6601810023121293,74,16,133,0.000427967,0.001091802,175816,363821
Q2:ext1_dimension:grid4_presentation_r2_QQ_s11_denominator64,A1,Q2,ext1_dimension,QQ,development,complete_query,1/400,win,617.0699108488024,603.060009385414,631.4052813135492,74,16,133,0.001842419,1.148587867,1344224,433711389
Q2:ext1_dimension:grid4_presentation_r2_QQ_s11_denominator64,A1,Q2,ext1_dimension,QQ,development,construction_and_query,1/400,win,532.0627908667102,509.04526744728383,556.1210987079636,74,16,133,0.002153775,1.153936664,1522680,434075335
Q2:ext1_dimension:capped_crown4_presentation_r1_QQ_s11,A1,Q2,ext1_dimension,QQ,development,native_construction,1/400,win,1.3033659572588225,0.7668608044186613,2.2152166452541517,21,9,2,0.000334505,0.000565588,46664,158333
Q2:ext1_dimension:capped_crown4_presentation_r1_QQ_s11,A1,Q2,ext1_dimension,QQ,development,complete_query,1/400,win,98.94033790571353,91.29227193307389,107.22912528755121,21,9,2,0.000698285,0.069535438,322112,25504623
Q2:ext1_dimension:capped_crown4_presentation_r1_QQ_s11,A1,Q2,ext1_dimension,QQ,development,construction_and_query,1/400,win,78.65151861738649,69.61191238957234,88.86498256507815,21,9,2,0.000857326,0.069872535,368536,25663121
Q2:ext1_dimension:cube3_presentation_r1_F2_s11,A1,Q2,ext1_dimension,F2,development,native_construction,1/200,win,3.591622271416737,3.1946150113068326,4.037967171280452,25,8,1,0.000188757,0.000649292,29224,159445
Q2:ext1_dimension:cube3_presentation_r1_F2_s11,A1,Q2,ext1_dimension,F2,development,complete_query,1/200,win,199.91057028857003,174.85797831644615,228.55254588827927,25,8,1,0.000442619,0.084289106,123424,26775611
Q2:ext1_dimension:cube3_presentation_r1_F2_s11,A1,Q2,ext1_dimension,F2,development,construction_and_query,1/200,win,148.2159391748282,131.3633961016015,167.23048640190078,25,8,1,0.000593192,0.083079391,152648,26935221
Q2:ext1_dimension:grid4_presentation_r1_F101_s11,A1,Q2,ext1_dimension,F101,development,native_construction,1/200,win,3.438128883731287,3.0339178348430464,3.8961932605399214,60,16,7,0.000300214,0.001007192,41304,282517
Q2:ext1_dimension:grid4_presentation_r1_F101_s11,A1,Q2,ext1_dimension,F101,development,complete_query,1/200,win,1485.5037720725377,1428.7810583290002,1544.4783817490982,60,16,7,0.00067075,0.984511084,246152,331143464
Q2:ext1_dimension:grid4_presentation_r1_F101_s11,A1,Q2,ext1_dimension,F101,development,construction_and_query,1/200,win,1146.2283920481952,1065.9644995156355,1232.5359121569134,60,16,7,0.00089575,1.008219549,287488,331426106
Q2:ext1_dimension:capped_crown4_presentation_r1_F2_s37,A1,Q2,ext1_dimension,F2,evaluation,native_construction,1/200,win,3.602590160900412,3.397927629230761,3.8195798391252453,25,9,1,0.000178275,0.000625464,29464,155949
Q2:ext1_dimension:capped_crown4_presentation_r1_F2_s37,A1,Q2,ext1_dimension,F2,evaluation,complete_query,1/200,win,169.76849887914963,160.53821901688823,179.5294814417238,25,9,1,0.000466578,0.078264513,129216,26083634
Q2:ext1_dimension:capped_crown4_presentation_r1_F2_s37,A1,Q2,ext1_dimension,F2,evaluation,construction_and_query,1/200,win,142.5972865995933,133.94535709160073,151.80807000022276,25,9,1,0.000564876,0.0789831,158680,26239748
Q2:ext1_dimension:capped_crown8_presentation_r1_F101_s37,A1,Q2,ext1_dimension,F101,evaluation,native_construction,1/200,win,4.573174999350855,4.1061375377225655,5.093333913575489,25,17,7,0.000190035,0.000829342,39288,195736
Q2:ext1_dimension:capped_crown8_presentation_r1_F101_s37,A1,Q2,ext1_dimension,F101,evaluation,complete_query,1/200,win,370.5563747059625,351.68240487082073,390.4432662352354,25,17,7,0.000600484,0.220824111,184744,73167914
Q2:ext1_dimension:capped_crown8_presentation_r1_F101_s37,A1,Q2,ext1_dimension,F101,evaluation,construction_and_query,1/200,win,324.107087347341,309.42655330857593,339.48412941800865,25,17,7,0.000689597,0.227120517,224064,73363815
Q3:full_hom_ext:cube3_presentation_r1_QQ_s11,A1,Q3,full_hom_ext,QQ,development,native_construction,1/700,win,1.1542187309692211,0.8517218196670667,1.564150228581624,25,8,2,0.000573625,0.000610872,58528,171653
Q3:full_hom_ext:cube3_presentation_r1_QQ_s11,A1,Q3,full_hom_ext,QQ,development,complete_query,1/700,win,106.58398902166383,100.60003414160838,112.92388529191935,25,8,2,0.000780692,0.082588279,319008,29611467
Q3:full_hom_ext:cube3_presentation_r1_QQ_s11,A1,Q3,full_hom_ext,QQ,development,construction_and_query,1/700,win,89.08509329103856,85.34121546206985,92.99321322884472,25,8,2,0.000968344,0.083418381,374664,29783285
Q3:full_hom_ext:cube3_nonsplit_r1_F3_s11,A1,Q3,full_hom_ext,F3,development,native_construction,1/300,win,3.804949294109932,1.5845658156047089,9.136660016373412,12,8,1,0.000128451,0.00064452,28536,132164
Q3:full_hom_ext:cube3_nonsplit_r1_F3_s11,A1,Q3,full_hom_ext,F3,development,complete_query,1/300,win,144.0035073467761,137.2779969087397,151.05851334616023,12,8,1,0.000552567,0.080141033,173824,25388835
Q3:full_hom_ext:cube3_nonsplit_r1_F3_s11,A1,Q3,full_hom_ext,F3,development,construction_and_query,1/300,win,122.50622457887074,117.44312283621423,127.78760218679218,12,8,1,0.000652581,0.079352172,202360,25521164
Q3:full_hom_ext:grid4_presentation_r1_QQ_s11,A1,Q3,full_hom_ext,QQ,development,native_construction,1/700,win,2.611627165426953,2.4001336104217645,2.8417569845194866,60,16,3,0.000357816,0.000927872,140648,299805
Q3:full_hom_ext:grid4_presentation_r1_QQ_s11,A1,Q3,full_hom_ext,QQ,development,complete_query,1/700,win,704.2362543612826,677.8121019904527,731.6905385731734,60,16,3,0.001570996,1.101516202,1093472,404030412
Q3:full_hom_ext:grid4_presentation_r1_QQ_s11,A1,Q3,full_hom_ext,QQ,development,construction_and_query,1/700,win,609.1272592420286,595.1132095681824,623.4713193829647,60,16,3,0.001789779,1.077789331,1238920,404330342
Q3:full_hom_ext:grid4_intervals_r1_QQ_s11,A1,Q3,full_hom_ext,QQ,development,native_construction,1/700,win,2.166521826630057,1.3038107577121216,3.6000752390638135,49,16,1,0.000432146,0.000828227,110848,271475
Q3:full_hom_ext:grid4_intervals_r1_QQ_s11,A1,Q3,full_hom_ext,QQ,development,complete_query,1/700,win,874.0673217318035,802.1497940950087,952.4326859440903,49,16,1,0.000883085,0.766724663,432968,284360748
Q3:full_hom_ext:grid4_intervals_r1_QQ_s11,A1,Q3,full_hom_ext,QQ,development,construction_and_query,1/700,win,735.2556519156586,685.7604390460639,788.3232144827866,49,16,1,0.001088799,0.778068099,561984,284632348
Q3:full_hom_ext:cube3_presentation_r3_QQ_s11,A1,Q3,full_hom_ext,QQ,development,native_construction,1/700,win,1.3153148918545399,1.2192202104254417,1.4189834206657592,31,8,2,0.000464952,0.000617929,71512,180133
Q3:full_hom_ext:cube3_presentation_r3_QQ_s11,A1,Q3,full_hom_ext,QQ,development,complete_query,1/700,win,130.39389882163948,119.96220008067935,141.73271946057218,31,8,2,0.000911666,0.11990028,429624,41919017
Q3:full_hom_ext:cube3_presentation_r3_QQ_s11,A1,Q3,full_hom_ext,QQ,development,construction_and_query,1/700,win,104.34198499837512,94.23739543460128,115.53003755241363,31,8,2,0.001154266,0.12032871,502176,42099315
Q3:full_hom_ext:grid4_presentation_r3_QQ_s11,A1,Q3,full_hom_ext,QQ,development,native_construction,1/700,win,1.7539345642904762,1.1862455837050732,2.5932964455846235,81,16,5,0.000506126,0.001039362,189144,355661
Q3:full_hom_ext:grid4_presentation_r3_QQ_s11,A1,Q3,full_hom_ext,QQ,development,complete_query,1/700,win,721.0461968351559,697.7489270843377,745.1213434938047,81,16,5,0.003021671,2.178750826,2847896,832294784
Q3:full_hom_ext:grid4_presentation_r3_QQ_s11,A1,Q3,full_hom_ext,QQ,development,construction_and_query,1/700,win,637.1281345254228,613.0424350785222,662.1601321152441,81,16,5,0.003383941,2.180459383,3039376,832650570
Q3:full_hom_ext:cube3_higher_extension_r1_QQ_s11,A1,Q3,full_hom_ext,QQ,development,native_construction,1/700,win,1.228819630184879,0.7384464877607226,2.044830205783286,2,8,0,0.000290845,0.000448801,26216,127115
Q3:full_hom_ext:cube3_higher_extension_r1_QQ_s11,A1,Q3,full_hom_ext,QQ,development,complete_query,1/700,win,95.176356581419,89.01016963496785,101.76970664433779,2,8,0,0.000824853,0.078733225,373120,27263263
Q3:full_hom_ext:cube3_higher_extension_r1_QQ_s11,A1,Q3,full_hom_ext,QQ,development,construction_and_query,1/700,win,83.02403408330026,77.70215865743316,88.71040849526777,2,8,0,0.000954685,0.078012199,399192,27390591
Q3:full_hom_ext:grid4_higher_extension_r1_F3_s11,A1,Q3,full_hom_ext,F3,development,native_construction,1/300,win,5.7745745112315685,5.4466578526274425,6.12223342974986,10,16,1,0.00012398,0.000739224,37832,162230
Q3:full_hom_ext:grid4_higher_extension_r1_F3_s11,A1,Q3,full_hom_ext,F3,development,complete_query,1/300,win,569.579199593032,540.6619481461554,600.0430874068825,10,16,1,0.000654136,0.366376326,261440,111643965
Q3:full_hom_ext:grid4_higher_extension_r1_F3_s11,A1,Q3,full_hom_ext,F3,development,construction_and_query,1/300,win,505.7957231793358,455.35950900180467,561.8183183377718,10,16,1,0.000733889,0.359845557,299272,111806320
Q3:full_hom_ext:grid4_presentation_r1_F2_s11,A1,Q3,full_hom_ext,F2,development,native_construction,1/100,win,1.880854061484513,1.651545592721686,2.1420008119624088,60,16,1,0.000528519,0.0009882,41448,281829
Q3:full_hom_ext:grid4_presentation_r1_F2_s11,A1,Q3,full_hom_ext,F2,development,complete_query,1/100,win,1753.6208139034684,1629.6722521871052,1886.9965754331297,60,16,1,0.00076279,1.326699566,350008,457116472
Q3:full_hom_ext:grid4_presentation_r1_F2_s11,A1,Q3,full_hom_ext,F2,development,construction_and_query,1/100,win,1422.7462935040312,1294.2040600782789,1564.0555288916541,60,16,1,0.000921685,1.304463055,391456,457398426
Q3:full_hom_ext:cube3_presentation_r1_F101_s11,A1,Q3,full_hom_ext,F101,development,native_construction,1/100,win,3.3292900622823387,3.0941584299636853,3.582289843814503,25,8,7,0.000201107,0.000659174,29400,159797
Q3:full_hom_ext:cube3_presentation_r1_F101_s11,A1,Q3,full_hom_ext,F101,development,complete_query,1/100,win,145.76763841401157,138.51646891102655,153.39839786449082,25,8,7,0.000604337,0.090091327,183376,29025816
Q3:full_hom_ext:cube3_presentation_r1_F101_s11,A1,Q3,full_hom_ext,F101,development,construction_and_query,1/100,win,112.78434765122735,110.21628139012027,115.4122504831047,25,8,7,0.000806746,0.090587882,212776,29185778
Q3:full_hom_ext:cube3_presentation_r2_F3_s37,A1,Q3,full_hom_ext,F3,evaluation,native_construction,1/300,win,2.3102926525667487,1.3424221880496818,3.9759862344486003,30,8,2,0.00024791,0.000700028,29640,168381
Q3:full_hom_ext:cube3_presentation_r2_F3_s37,A1,Q3,full_hom_ext,F3,evaluation,complete_query,1/300,win,173.11474655508306,170.3556369362772,175.91854319467382,30,8,2,0.00064244,0.111287841,210816,36840499
Q3:full_hom_ext:cube3_presentation_r2_F3_s37,A1,Q3,full_hom_ext,F3,evaluation,construction_and_query,1/300,win,135.6450086723631,128.76320211917587,142.8946164347161,30,8,2,0.000829755,0.111588911,240456,37009045
Q3:full_hom_ext:grid4_presentation_r2_QQ_s37,A1,Q3,full_hom_ext,QQ,evaluation,native_construction,1/700,win,1.3176827990262299,0.9783607786203588,1.774690887852267,67,16,7,0.000780046,0.000953181,157400,317997
Q3:full_hom_ext:grid4_presentation_r2_QQ_s37,A1,Q3,full_hom_ext,QQ,evaluation,complete_query,1/700,win,642.4257068030662,616.5745607527758,669.3607148785713,67,16,7,0.001850087,1.181240694,1339496,437784047
Q3:full_hom_ext:grid4_presentation_r2_QQ_s37,A1,Q3,full_hom_ext,QQ,evaluation,construction_and_query,1/700,win,556.8964785278217,534.3144174197738,580.4329392688613,67,16,7,0.002106197,1.193775712,1502512,438102169
Q4:kernel_image_cokernel:cube3_presentation_r1_QQ_s11,A2,Q4,kernel_image_cokernel,QQ,development,native_construction,1/440,win,1.2533327673907855,0.8449116796720149,1.8591801529187386,25,8,1,0.000647316,0.000686448,64088,206981
Q4:kernel_image_cokernel:cube3_presentation_r1_QQ_s11,A2,Q4,kernel_image_cokernel,QQ,development,complete_query,1/440,win,22.183826689142926,20.23329376458726,24.322395172023487,25,8,1,0.000692661,0.014978067,309584,6658425
Q4:kernel_image_cokernel:cube3_presentation_r1_QQ_s11,A2,Q4,kernel_image_cokernel,QQ,development,construction_and_query,1/440,win,16.72679983636842,15.10069499620921,18.528010322450086,25,8,1,0.000901034,0.015379001,375784,6865467
Q4:kernel_image_cokernel:grid4_presentation_r1_F3_s11,A2,Q4,kernel_image_cokernel,F3,development,native_construction,1/200,win,3.08075918362192,2.2972870582788922,4.1314284661410285,68,16,1,0.00042076,0.00132261,47112,352814
Q4:kernel_image_cokernel:grid4_presentation_r1_F3_s11,A2,Q4,kernel_image_cokernel,F3,development,complete_query,1/200,win,431.725840260754,416.7385702816992,447.2521010542977,68,16,1,0.000459297,0.197832156,168960,71579918
Q4:kernel_image_cokernel:grid4_presentation_r1_F3_s11,A2,Q4,kernel_image_cokernel,F3,development,construction_and_query,1/200,win,252.6190860100203,241.69578212791424,264.0360624198401,68,16,1,0.000800617,0.199285148,216072,71932681
Q4:kernel_image_cokernel:cube3_intervals_r1_QQ_s11,A2,Q4,kernel_image_cokernel,QQ,development,native_construction,1/440,win,2.1629759274808618,1.9812428148891812,2.361378841453807,17,8,1,0.000309269,0.00065429,46368,193380
Q4:kernel_image_cokernel:cube3_intervals_r1_QQ_s11,A2,Q4,kernel_image_cokernel,QQ,development,complete_query,1/440,win,51.29148414214017,46.49551572082554,56.582152164946564,17,8,1,0.000262751,0.013578435,61024,6272845
Q4:kernel_image_cokernel:cube3_intervals_r1_QQ_s11,A2,Q4,kernel_image_cokernel,QQ,development,construction_and_query,1/440,win,28.111273277144164,25.029928451123173,31.57195142628619,17,8,1,0.000514081,0.013874779,107392,6466286
Q4:kernel_image_cokernel:grid4_intervals_r1_F3_s11,A2,Q4,kernel_image_cokernel,F3,development,native_construction,1/200,win,3.924168372601528,3.668603674778608,4.197536387589054,49,16,1,0.00031419,0.001197202,45736,293141
Q4:kernel_image_cokernel:grid4_intervals_r1_F3_s11,A2,Q4,kernel_image_cokernel,F3,development,complete_query,1/200,win,989.1199871873887,948.4578948483444,1031.5253364093896,49,16,1,0.000240794,0.24125881,82576,84222990
Q4:kernel_image_cokernel:grid4_intervals_r1_F3_s11,A2,Q4,kernel_image_cokernel,F3,development,construction_and_query,1/200,win,473.66319733460523,461.41201833492715,486.23966345494347,49,16,1,0.000551012,0.265436932,128312,84516080
Q4:kernel_image_cokernel:cube3_nonsplit_r1_F3_s11,A2,Q4,kernel_image_cokernel,F3,development,native_construction,1/200,win,4.416269709252605,3.9649582615636776,4.9189516908484245,18,8,1,0.000193006,0.000804859,32712,171143
Q4:kernel_image_cokernel:cube3_nonsplit_r1_F3_s11,A2,Q4,kernel_image_cokernel,F3,development,complete_query,1/200,win,62.72928213016192,54.93123047914211,71.6343472054498,18,8,1,0.000229287,0.013315943,56336,5465697
Q4:kernel_image_cokernel:cube3_nonsplit_r1_F3_s11,A2,Q4,kernel_image_cokernel,F3,development,construction_and_query,1/200,win,36.47260307108323,32.00048657828708,41.56970462078502,18,8,1,0.000412982,0.01392903,89048,5636829
Q4:kernel_image_cokernel:grid4_nonsplit_r1_QQ_s11,A2,Q4,kernel_image_cokernel,QQ,development,native_construction,1/440,win,1.8930837492264698,1.6795720731104335,2.1337375983803417,49,16,1,0.000549249,0.001011344,116480,333195
Q4:kernel_image_cokernel:grid4_nonsplit_r1_QQ_s11,A2,Q4,kernel_image_cokernel,QQ,development,complete_query,1/440,win,639.3421308425295,612.2044158365061,667.6828028294199,49,16,1,0.000490653,0.31087038,206176,117560221
Q4:kernel_image_cokernel:grid4_nonsplit_r1_QQ_s11,A2,Q4,kernel_image_cokernel,QQ,development,construction_and_query,1/440,win,355.7003591710725,329.7341178399862,383.71141677194925,49,16,1,0.000908596,0.309145626,321728,117893437
Q4:kernel_image_cokernel:cube3_presentation_r1_F2_s11,A2,Q4,kernel_image_cokernel,F2,development,native_construction,1/80,win,3.448118987570136,3.0211836199187387,3.9353862751187214,25,8,1,0.000251826,0.000865557,33160,182957
Q4:kernel_image_cokernel:cube3_presentation_r1_F2_s11,A2,Q4,kernel_image_cokernel,F2,development,complete_query,1/80,win,57.71195378730441,56.17150755944471,59.29464517973292,25,8,1,0.000285167,0.016325885,76464,6496562
Q4:kernel_image_cokernel:cube3_presentation_r1_F2_s11,A2,Q4,kernel_image_cokernel,F2,development,construction_and_query,1/80,win,32.69638527281578,30.904562695858317,34.592096333130584,25,8,1,0.000520499,0.016839854,109624,6679508
Q4:kernel_image_cokernel:grid4_presentation_r1_F101_s11,A2,Q4,kernel_image_cokernel,F101,development,native_construction,1/80,win,2.546008109105916,1.5507723493756418,4.179954133334186,68,16,1,0.000543301,0.001347792,47112,352814
Q4:kernel_image_cokernel:grid4_presentation_r1_F101_s11,A2,Q4,kernel_image_cokernel,F101,development,complete_query,1/80,win,488.48357036676697,461.80259320973215,516.7060601799052,68,16,1,0.000408238,0.197379616,165264,71543054
Q4:kernel_image_cokernel:grid4_presentation_r1_F101_s11,A2,Q4,kernel_image_cokernel,F101,development,construction_and_query,1/80,win,272.15236772920264,245.61278873313265,301.5596689514713,68,16,1,0.000751003,0.203570574,212376,71895817
Q4:kernel_image_cokernel:cube3_presentation_r3_QQ_s11,A2,Q4,kernel_image_cokernel,QQ,development,native_construction,1/440,win,2.8026542652385693,2.5519003679352563,3.0780476499618685,29,8,1,0.000263217,0.00074589,90816,211583
Q4:kernel_image_cokernel:cube3_presentation_r3_QQ_s11,A2,Q4,kernel_image_cokernel,QQ,development,complete_query,1/440,win,19.23031988035371,17.66865310395588,20.93001659633753,29,8,1,0.000834776,0.015400094,461176,6711859
Q4:kernel_image_cokernel:cube3_presentation_r3_QQ_s11,A2,Q4,kernel_image_cokernel,QQ,development,construction_and_query,1/440,win,16.59217113539368,15.721778843100049,17.510750261381176,29,8,1,0.000987848,0.015896113,554904,6923503
Q4:kernel_image_cokernel:grid4_presentation_r3_QQ_s11,A2,Q4,kernel_image_cokernel,QQ,development,native_construction,1/440,win,2.0184785992797156,1.9121896008191617,2.1306756683567545,99,16,1,0.000639648,0.001288888,363424,479438
Q4:kernel_image_cokernel:grid4_presentation_r3_QQ_s11,A2,Q4,kernel_image_cokernel,QQ,development,complete_query,1/440,win,214.0369997985158,195.88181707604292,233.87488418572985,99,16,1,0.002107852,0.441915294,1993848,171542314
Q4:kernel_image_cokernel:grid4_presentation_r3_QQ_s11,A2,Q4,kernel_image_cokernel,QQ,development,construction_and_query,1/440,win,170.97360335702376,161.2996231418711,181.22778265373813,99,16,1,0.002609852,0.441322555,2357624,172021773
Q4:kernel_image_cokernel:cube3_projective_r1_QQ_s11,A2,Q4,kernel_image_cokernel,QQ,development,native_construction,1/440,win,1.7881971041116274,1.515949027436562,2.1093379957242813,25,8,2,0.000440925,0.000707992,58152,213383
Q4:kernel_image_cokernel:cube3_projective_r1_QQ_s11,A2,Q4,kernel_image_cokernel,QQ,development,complete_query,1/440,win,47.10279760342096,44.25641894854551,50.13224284252119,25,8,2,0.000581515,0.027183472,221616,12074132
Q4:kernel_image_cokernel:cube3_projective_r1_QQ_s11,A2,Q4,kernel_image_cokernel,QQ,development,construction_and_query,1/440,win,33.636448374556025,31.002187681920667,36.49454260655192,25,8,2,0.000829732,0.027734298,281400,12287576
Q4:kernel_image_cokernel:grid4_injective_r1_QQ_s11,A2,Q4,kernel_image_cokernel,QQ,development,native_construction,1/440,win,3.1292415652545706,2.9669263691171763,3.3004367333290374,60,16,5,0.000362408,0.001125771,149112,373967
Q4:kernel_image_cokernel:grid4_injective_r1_QQ_s11,A2,Q4,kernel_image_cokernel,QQ,development,complete_query,1/440,win,396.6155726602718,387.77970599079373,405.6527715258258,60,16,5,0.001106893,0.435740333,714000,173346625
Q4:kernel_image_cokernel:grid4_injective_r1_QQ_s11,A2,Q4,kernel_image_cokernel,QQ,development,construction_and_query,1/440,win,327.7007431178715,317.0095734045344,338.75247326669273,60,16,5,0.001340966,0.432805621,861848,173720613
Q4:kernel_image_cokernel:grid4_presentation_r2_QQ_s11_numerator64,A2,Q4,kernel_image_cokernel,QQ,development,native_construction,1/440,win,2.3006310966322734,2.1226627662823407,2.493520650980032,80,16,65,0.000509621,0.00120112,290752,422214
Q4:kernel_image_cokernel:grid4_presentation_r2_QQ_s11_numerator64,A2,Q4,kernel_image_cokernel,QQ,development,complete_query,1/440,win,139.6501285756755,130.447928331712,149.50148048048158,80,16,65,0.001861378,0.254105298,1541416,95815141
Q4:kernel_image_cokernel:grid4_presentation_r2_QQ_s11_numerator64,A2,Q4,kernel_image_cokernel,QQ,development,construction_and_query,1/440,win,112.51326404495398,109.45593974841562,115.65598555132573,80,16,65,0.002289234,0.254804392,1830712,96237376
Q4:kernel_image_cokernel:grid4_presentation_r2_QQ_s11_denominator64,A2,Q4,kernel_image_cokernel,QQ,development,native_construction,1/440,win,2.1586625115009124,2.1153682128599196,2.2028428952609977,80,16,129,0.000566215,0.001212107,291312,432662
Q4:kernel_image_cokernel:grid4_presentation_r2_QQ_s11_denominator64,A2,Q4,kernel_image_cokernel,QQ,development,complete_query,1/440,win,134.1785530243266,129.8179594032442,138.68561926611287,80,16,129,0.001864515,0.248846966,1543624,95918405
Q4:kernel_image_cokernel:grid4_presentation_r2_QQ_s11_denominator64,A2,Q4,kernel_image_cokernel,QQ,development,construction_and_query,1/440,win,107.81400749495016,104.73719415767675,110.98120687310004,80,16,129,0.002350229,0.2505751,1834136,96351088
Q4:kernel_image_cokernel:capped_crown4_presentation_r1_QQ_s11,A2,Q4,kernel_image_cokernel,QQ,development,native_construction,1/440,win,1.779559690229206,1.5405183948255121,2.0556928769729885,22,9,1,0.000386678,0.000653634,58712,194358
Q4:kernel_image_cokernel:capped_crown4_presentation_r1_QQ_s11,A2,Q4,kernel_image_cokernel,QQ,development,complete_query,1/440,win,26.03800621503875,24.879764462982216,27.250168250713838,22,9,1,0.000541969,0.01368768,186264,6190607
Q4:kernel_image_cokernel:capped_crown4_presentation_r1_QQ_s11,A2,Q4,kernel_image_cokernel,QQ,development,construction_and_query,1/440,win,18.135068156557416,17.13647515188985,19.19185212407658,22,9,1,0.000806363,0.014173143,244960,6385026
Q4:kernel_image_cokernel:capped_crown8_presentation_r1_F3_s11,A2,Q4,kernel_image_cokernel,F3,development,native_construction,1/200,win,4.449268555873828,4.335808328754962,4.56569783101368,21,17,1,0.000235175,0.001054091,42440,214720
Q4:kernel_image_cokernel:capped_crown8_presentation_r1_F3_s11,A2,Q4,kernel_image_cokernel,F3,development,complete_query,1/200,win,94.3671722386595,87.49672706362364,101.77710064338065,21,17,1,0.000308607,0.028780315,91056,12347135
Q4:kernel_image_cokernel:capped_crown8_presentation_r1_F3_s11,A2,Q4,kernel_image_cokernel,F3,development,construction_and_query,1/200,win,55.15029718162149,52.759679815846255,57.64923687629435,21,17,1,0.000542317,0.030103179,133496,12561844
Q4:kernel_image_cokernel:cube3_presentation_r2_QQ_s37,A2,Q4,kernel_image_cokernel,QQ,evaluation,native_construction,1/440,win,1.9700583149944404,1.028059855946678,3.7751982455387645,31,8,1,0.000281432,0.000705042,94712,217485
Q4:kernel_image_cokernel:cube3_presentation_r2_QQ_s37,A2,Q4,kernel_image_cokernel,QQ,evaluation,complete_query,1/440,win,24.20961376796245,22.7362518046571,25.778453011057174,31,8,1,0.000815737,0.019588772,462360,8750103
Q4:kernel_image_cokernel:cube3_presentation_r2_QQ_s37,A2,Q4,kernel_image_cokernel,QQ,evaluation,construction_and_query,1/440,win,20.524422682807227,20.038495417991125,21.022133532257115,31,8,1,0.000996349,0.020392117,555528,8967649
Q4:kernel_image_cokernel:grid4_presentation_r2_F3_s37,A2,Q4,kernel_image_cokernel,F3,evaluation,native_construction,1/200,win,6.207363709572083,4.63902984165017,8.305909972160544,89,16,1,0.000207688,0.001480118,49176,440275
Q4:kernel_image_cokernel:grid4_presentation_r2_F3_s37,A2,Q4,kernel_image_cokernel,F3,evaluation,complete_query,1/200,win,767.1887588116081,741.849552229346,793.3934715983141,89,16,1,0.00053065,0.414095623,203088,128354167
Q4:kernel_image_cokernel:grid4_presentation_r2_F3_s37,A2,Q4,kernel_image_cokernel,F3,evaluation,construction_and_query,1/200,win,596.9308284706066,560.0635791182943,636.2249345682643,89,16,1,0.000699823,0.418091462,252264,128794391
Q4:kernel_image_cokernel:capped_crown4_presentation_r1_F2_s37,A2,Q4,kernel_image_cokernel,F2,evaluation,native_construction,1/80,win,3.4396235220538673,3.235350957227453,3.6567933834309225,21,9,1,0.000229033,0.000788201,32680,171922
Q4:kernel_image_cokernel:capped_crown4_presentation_r1_F2_s37,A2,Q4,kernel_image_cokernel,F2,evaluation,complete_query,1/80,win,51.582656059340444,49.12241945148087,54.166110624178515,21,9,1,0.000247549,0.012960701,61040,5092764
Q4:kernel_image_cokernel:capped_crown4_presentation_r1_F2_s37,A2,Q4,kernel_image_cokernel,F2,evaluation,construction_and_query,1/80,win,30.002328076221755,29.42041880100887,30.5957469906029,21,9,1,0.000448697,0.013451553,93720,5264675
Q4:kernel_image_cokernel:capped_crown8_presentation_r1_F101_s37,A2,Q4,kernel_image_cokernel,F101,evaluation,native_construction,1/80,win,4.2640472929720765,4.092423712867167,4.442868234668705,21,17,1,0.000249605,0.00108452,42440,214715
Q4:kernel_image_cokernel:capped_crown8_presentation_r1_F101_s37,A2,Q4,kernel_image_cokernel,F101,evaluation,complete_query,1/80,win,92.49825371933271,88.57817901818893,96.5918134235876,21,17,1,0.000309162,0.029043379,88240,12343122
Q4:kernel_image_cokernel:capped_crown8_presentation_r1_F101_s37,A2,Q4,kernel_image_cokernel,F101,evaluation,construction_and_query,1/80,win,55.29893815945366,49.37321345999137,61.935862530824515,21,17,1,0.000557138,0.029949428,130680,12557826
Q10_cube3_QQ_r1,A2,Q10,tensor,QQ,development,native_construction,1/200,unresolved,,,,25,8,2,0.00044053,0.000623574,57264,171881
Q10_cube3_QQ_r1,A2,Q10,tensor,QQ,development,complete_query,1/200,unresolved,,,,25,8,2,0.000873506,,428712,
Q10_cube3_QQ_r1,A2,Q10,tensor,QQ,development,construction_and_query,1/200,unresolved,,,,25,8,2,0.001041545,,486808,
Q8_cube3_QQ_r2,A1,Q8,yoneda,QQ,development,native_construction,1/300,win,2.0155774089236256,1.3153124149042028,3.0886595802862256,12,8,0,0.000300641,0.000594604,35464,198230
Q8_cube3_QQ_r2,A1,Q8,yoneda,QQ,development,complete_query,1/300,win,160.74376673975402,146.7869502962573,176.02762707130967,12,8,0,0.003229452,0.512854058,4024672,198523759
Q8_cube3_QQ_r2,A1,Q8,yoneda,QQ,development,construction_and_query,1/300,win,153.14250745061221,141.90127521119956,165.27425531134213,12,8,0,0.003420992,0.507823757,4060424,198722202
Q9_cube3_QQ_r2,A1,Q9,induced,QQ,development,native_construction,1/300,win,1.951759967774241,1.3106079330248244,2.906564866438934,28,8,1,0.000645781,0.001006342,79400,365031
Q9_cube3_QQ_r2,A1,Q9,induced,QQ,development,complete_query,1/300,win,564.1167374936152,531.6837048484239,598.5282050559797,28,8,1,0.001907698,1.04239594,1404664,400739198
Q9_cube3_QQ_r2,A1,Q9,induced,QQ,development,construction_and_query,1/300,win,508.88978023850694,441.22345378047265,586.9334601601751,28,8,1,0.002149528,1.041679533,1488328,401104290
Q10_cube3_QQ_r2,A2,Q10,tensor,QQ,development,native_construction,1/200,unresolved,,,,25,8,1,0.00033013,0.00060225,54200,164562
Q10_cube3_QQ_r2,A2,Q10,tensor,QQ,development,complete_query,1/200,unresolved,,,,25,8,1,0.000550601,,192200,
Q10_cube3_QQ_r2,A2,Q10,tensor,QQ,development,construction_and_query,1/200,unresolved,,,,25,8,1,0.000715371,,243072,
Q8_cube3_F2_r1,A1,Q8,yoneda,F2,development,native_construction,1/300,win,8.526929247691058,6.921775614367257,10.504316586658918,8,8,0,8.5666e-05,0.000734422,36616,176350
Q8_cube3_F2_r1,A1,Q8,yoneda,F2,development,complete_query,1/300,win,238.9291543456151,210.15084869322146,271.64839519466636,8,8,0,0.001046443,0.233919,781360,75888691
Q8_cube3_F2_r1,A1,Q8,yoneda,F2,development,construction_and_query,1/300,win,225.57498084751535,192.26508205347673,264.6558149867483,8,8,0,0.001085959,0.235793795,817976,76065254
Q9_cube3_F2_r1,A1,Q9,induced,F2,development,native_construction,1/300,win,6.372255434789907,5.5245399768884145,7.3500489626431875,20,8,1,0.000217967,0.001338088,53448,305447
Q9_cube3_F2_r1,A1,Q9,induced,F2,development,complete_query,1/300,win,588.978472864881,478.7218941318535,724.6287369566234,20,8,1,0.000955697,0.526798486,526536,174465503
Q9_cube3_F2_r1,A1,Q9,induced,F2,development,construction_and_query,1/300,win,481.04906037356955,400.1348571025029,578.3255179565975,20,8,1,0.001180057,0.519285155,579984,174770939
Q10_cube3_F2_r1,A2,Q10,tensor,F2,development,native_construction,1/200,unresolved,,,,25,8,1,0.000190344,0.000693834,28136,159713
Q10_cube3_F2_r1,A2,Q10,tensor,F2,development,complete_query,1/200,unresolved,,,,25,8,1,0.000662172,,197072,
Q10_cube3_F2_r1,A2,Q10,tensor,F2,development,construction_and_query,1/200,unresolved,,,,25,8,1,0.000783828,,225208,
Q10_cube3_F2_r2,A2,Q10,tensor,F2,development,native_construction,1/200,unresolved,,,,25,8,1,0.00018983,0.000692337,28040,152362
Q10_cube3_F2_r2,A2,Q10,tensor,F2,development,complete_query,1/200,unresolved,,,,25,8,1,0.000476119,,113928,
Q10_cube3_F2_r2,A2,Q10,tensor,F2,development,construction_and_query,1/200,unresolved,,,,25,8,1,0.000630602,,141968,
Q10_cube3_F3_r1,A2,Q10,tensor,F3,development,native_construction,1/200,unresolved,,,,25,8,2,0.000183602,0.000717466,28136,160049
Q10_cube3_F3_r1,A2,Q10,tensor,F3,development,complete_query,1/200,unresolved,,,,25,8,2,0.000727543,,222928,
Q10_cube3_F3_r1,A2,Q10,tensor,F3,development,construction_and_query,1/200,unresolved,,,,25,8,2,0.000866418,,251064,
Q8_cube3_F3_r2,A1,Q8,yoneda,F3,development,native_construction,1/300,win,9.044539780551188,8.167201614524025,10.016123478144399,12,8,0,8.3575e-05,0.000773898,36616,183166
Q8_cube3_F3_r2,A1,Q8,yoneda,F3,development,complete_query,1/300,win,270.365910826473,257.7576647997912,283.59089066781286,12,8,0,0.002404458,0.638513326,2516808,185937066
Q8_cube3_F3_r2,A1,Q8,yoneda,F3,development,construction_and_query,1/300,win,256.4799447775697,239.9519310966541,274.14641662795293,12,8,0,0.00253294,0.643169463,2553424,186121453
Q9_cube3_F3_r2,A1,Q9,induced,F3,development,native_construction,1/300,win,4.558542342435949,4.272698317194362,4.863509366939501,28,8,1,0.00030034,0.001417121,53864,330599
Q9_cube3_F3_r2,A1,Q9,induced,F3,development,complete_query,1/300,win,1134.4484433009525,1066.5027494741894,1206.7228810637966,28,8,1,0.001132522,1.23231044,678168,395266622
Q9_cube3_F3_r2,A1,Q9,induced,F3,development,construction_and_query,1/300,win,921.8248978247007,811.788966933877,1046.7759194351502,28,8,1,0.001426101,1.258265808,732032,395597210
Q10_cube3_F3_r2,A2,Q10,tensor,F3,development,native_construction,1/200,unresolved,,,,25,8,1,0.000196279,0.000697035,28040,152842
Q10_cube3_F3_r2,A2,Q10,tensor,F3,development,complete_query,1/200,unresolved,,,,25,8,1,0.000528895,,121880,
Q10_cube3_F3_r2,A2,Q10,tensor,F3,development,construction_and_query,1/200,unresolved,,,,25,8,1,0.000670373,,149920,
Q8_cube3_F101_r1,A1,Q8,yoneda,F101,development,native_construction,1/300,win,8.714059514675986,8.342409021908098,9.102266866309447,8,8,0,8.4641e-05,0.000725494,36616,178262
Q8_cube3_F101_r1,A1,Q8,yoneda,F101,development,complete_query,1/300,win,223.60089374654152,218.39699958442964,228.92878464167623,8,8,0,0.00103768,0.229394057,637904,76075147
Q8_cube3_F101_r1,A1,Q8,yoneda,F101,development,construction_and_query,1/300,win,209.5231200697024,204.1425899130806,215.04546338142646,8,8,0,0.001110884,0.230035112,674520,76253622
Q9_cube3_F101_r1,A1,Q9,induced,F101,development,native_construction,1/300,win,4.460585608161764,2.172038392558028,9.16043843235533,20,8,1,0.000232747,0.001296252,53448,309695
Q9_cube3_F101_r1,A1,Q9,induced,F101,development,complete_query,1/300,win,498.0672361813279,480.846658295263,515.9045352145905,20,8,1,0.001063388,0.525486647,555304,174771103
Q9_cube3_F101_r1,A1,Q9,induced,F101,development,construction_and_query,1/300,win,416.6619812325384,390.9464417056214,444.06902860455904,20,8,1,0.001269803,0.523015677,608752,175080787
Q10_cube3_F101_r1,A2,Q10,tensor,F101,development,native_construction,1/200,unresolved,,,,25,8,7,0.000196446,0.000675105,28136,160049
Q10_cube3_F101_r1,A2,Q10,tensor,F101,development,complete_query,1/200,unresolved,,,,25,8,7,0.000723259,,211104,
Q10_cube3_F101_r1,A2,Q10,tensor,F101,development,construction_and_query,1/200,unresolved,,,,25,8,7,0.000867681,,239240,
Q10_cube3_F101_r2,A2,Q10,tensor,F101,development,native_construction,1/200,unresolved,,,,25,8,1,0.000193028,0.000690096,28040,152842
Q10_cube3_F101_r2,A2,Q10,tensor,F101,development,complete_query,1/200,unresolved,,,,25,8,1,0.000519238,,120776,
Q10_cube3_F101_r2,A2,Q10,tensor,F101,development,construction_and_query,1/200,unresolved,,,,25,8,1,0.000647663,,148816,
Q8_grid4_QQ_r1,A1,Q8,yoneda,QQ,development,native_construction,1/300,win,3.821781367982292,3.4574028521428852,4.224562033783204,8,16,0,0.000183489,0.000730031,49384,244086
Q8_grid4_QQ_r1,A1,Q8,yoneda,QQ,development,complete_query,1/300,win,1501.2411471541789,1452.678152043456,1551.4276020042846,8,16,0,0.002035894,3.045189798,1621928,1121408031
Q8_grid4_QQ_r1,A1,Q8,yoneda,QQ,development,construction_and_query,1/300,win,1516.7452610544703,1464.4673194235177,1570.889398772506,8,16,0,0.002088586,3.159300208,1671584,1121652290
Q9_grid4_QQ_r1,A1,Q9,induced,QQ,development,native_construction,1/300,win,4.426052575991379,4.074048030346635,4.808470901550256,20,16,1,0.000280284,0.001276793,86864,458311
Q9_grid4_QQ_r1,A1,Q9,induced,QQ,development,complete_query,1/300,win,2651.973464264916,2559.7549047511907,2747.5143194808593,20,16,1,0.001919193,4.941902182,1372056,1889423324
Q9_grid4_QQ_r1,A1,Q9,induced,QQ,development,construction_and_query,1/300,win,2450.812796635878,2310.9858987060443,2599.0999631444283,20,16,1,0.002061541,4.975725624,1461048,1889881656
Q10_grid4_QQ_r1,A2,Q10,tensor,QQ,development,native_construction,1/200,unresolved,,,,60,16,3,0.000323742,0.001136938,139400,299005
Q10_grid4_QQ_r1,A2,Q10,tensor,QQ,development,complete_query,1/200,unresolved,,,,60,16,3,0.001437927,,1067080,
Q10_grid4_QQ_r1,A2,Q10,tensor,QQ,development,construction_and_query,1/200,unresolved,,,,60,16,3,0.001646326,,1212544,
Q10_grid4_QQ_r2,A2,Q10,tensor,QQ,development,native_construction,1/200,unresolved,,,,73,16,1,0.000362542,0.000970144,176792,326089
Q10_grid4_QQ_r2,A2,Q10,tensor,QQ,development,complete_query,1/200,unresolved,,,,73,16,1,0.001197471,,1003504,
Q10_grid4_QQ_r2,A2,Q10,tensor,QQ,development,construction_and_query,1/200,unresolved,,,,73,16,1,0.001526902,,1185976,
Q10_grid4_F2_r1,A2,Q10,tensor,F2,development,native_construction,1/200,unresolved,,,,60,16,1,0.000262583,0.001043169,40200,280757
Q10_grid4_F2_r1,A2,Q10,tensor,F2,development,complete_query,1/200,unresolved,,,,60,16,1,0.001046969,,405560,
Q10_grid4_F2_r1,A2,Q10,tensor,F2,development,construction_and_query,1/200,unresolved,,,,60,16,1,0.001255303,,446048,
Q8_grid4_F2_r2,A1,Q8,yoneda,F2,development,native_construction,1/300,win,10.445827142429271,9.034598192059246,12.077493915049427,12,16,0,9.8773e-05,0.000985638,50536,224230
Q8_grid4_F2_r2,A1,Q8,yoneda,F2,development,complete_query,1/300,win,4820.488917026197,4557.511567374947,5098.640575158561,12,16,0,0.002394479,11.739499949,2404176,3367857632
Q8_grid4_F2_r2,A1,Q8,yoneda,F2,development,construction_and_query,1/300,win,4728.243633722883,4431.160670212399,5045.24424269395,12,16,0,0.00246654,11.717390713,2454712,3368082035
Q9_grid4_F2_r2,A1,Q9,induced,F2,development,native_construction,1/300,win,6.229656639056609,5.667977153870688,6.846996871545167,28,16,1,0.000309302,0.001914931,73448,397711
Q9_grid4_F2_r2,A1,Q9,induced,F2,development,complete_query,1/300,win,12836.273522642781,11367.963644023584,14494.233365596981,28,16,1,0.00123401,16.157491305,827512,4980297356
Q9_grid4_F2_r2,A1,Q9,induced,F2,development,construction_and_query,1/300,win,10445.672592536692,10030.567742696587,10877.956134628414,28,16,1,0.001543633,16.328115727,900992,4980690408
Q10_grid4_F2_r2,A2,Q10,tensor,F2,development,native_construction,1/200,unresolved,,,,73,16,1,0.00028409,0.001179453,40824,314065
Q10_grid4_F2_r2,A2,Q10,tensor,F2,development,complete_query,1/200,unresolved,,,,73,16,1,0.000972949,,357744,
Q10_grid4_F2_r2,A2,Q10,tensor,F2,development,construction_and_query,1/200,unresolved,,,,73,16,1,0.001176427,,398568,
Q8_grid4_F3_r1,A1,Q8,yoneda,F3,development,native_construction,1/300,win,10.495076674068832,9.296810520568464,11.847787383736918,8,16,0,9.5475e-05,0.001015739,50536,221302
Q8_grid4_F3_r1,A1,Q8,yoneda,F3,development,complete_query,1/300,win,2776.5942802850336,2549.2167757515103,3024.252731523315,8,16,0,0.001324481,3.662950139,1013640,1113200086
Q8_grid4_F3_r1,A1,Q8,yoneda,F3,development,construction_and_query,1/300,win,2673.229748951905,2437.907833755388,2931.2663882265892,8,16,0,0.001394512,3.696524885,1064176,1113421561
Q9_grid4_F3_r1,A1,Q9,induced,F3,development,native_construction,1/300,win,7.485808799150437,6.83419160836873,8.19955549809552,20,16,1,0.000251079,0.001826486,73032,381959
Q9_grid4_F3_r1,A1,Q9,induced,F3,development,complete_query,1/300,win,5150.480657222854,4801.3845815445075,5524.958592651085,20,16,1,0.001159576,5.915922237,727048,1877986625
Q9_grid4_F3_r1,A1,Q9,induced,F3,development,construction_and_query,1/300,win,4321.431772202805,3906.5155762571667,4780.4167671324585,20,16,1,0.001372568,6.056009583,801168,1878368533
Q10_grid4_F3_r1,A2,Q10,tensor,F3,development,native_construction,1/200,unresolved,,,,64,16,2,0.000280584,0.001071005,40392,290733
Q10_grid4_F3_r1,A2,Q10,tensor,F3,development,complete_query,1/200,unresolved,,,,64,16,2,0.001128453,,449064,
Q10_grid4_F3_r1,A2,Q10,tensor,F3,development,construction_and_query,1/200,unresolved,,,,64,16,2,0.001363297,,489744,
Q10_grid4_F3_r2,A2,Q10,tensor,F3,development,native_construction,1/200,unresolved,,,,73,16,1,0.000315575,0.001173876,40824,314513
Q10_grid4_F3_r2,A2,Q10,tensor,F3,development,complete_query,1/200,unresolved,,,,73,16,1,0.001075146,,415328,
Q10_grid4_F3_r2,A2,Q10,tensor,F3,development,construction_and_query,1/200,unresolved,,,,73,16,1,0.0013207,,456152,
Q10_grid4_F101_r1,A2,Q10,tensor,F101,development,native_construction,1/200,unresolved,,,,60,16,7,0.000282415,0.001029857,40200,281477
Q10_grid4_F101_r1,A2,Q10,tensor,F101,development,complete_query,1/200,unresolved,,,,60,16,7,0.001078592,,390584,
Q10_grid4_F101_r1,A2,Q10,tensor,F101,development,construction_and_query,1/200,unresolved,,,,60,16,7,0.001269926,,430784,
Q8_grid4_F101_r2,A1,Q8,yoneda,F101,development,native_construction,1/300,win,8.10101689117605,4.80357804270677,13.661998220422328,12,16,0,0.00010077,0.000944141,50536,227646
Q8_grid4_F101_r2,A1,Q8,yoneda,F101,development,complete_query,1/300,win,4867.950846607441,4689.031549123987,5053.697164697731,12,16,0,0.00232666,11.122257497,2494160,3371793648
Q8_grid4_F101_r2,A1,Q8,yoneda,F101,development,construction_and_query,1/300,win,4531.6077503722545,4233.278944918938,4850.960465972108,12,16,0,0.002447357,11.1340321,2544696,3372021467
Q9_grid4_F101_r2,A1,Q9,induced,F101,development,native_construction,1/300,win,5.253016776855827,4.731983188283456,5.831420814480679,28,16,1,0.000368508,0.001874321,73448,406159
Q9_grid4_F101_r2,A1,Q9,induced,F101,development,complete_query,1/300,win,11144.562094137666,10833.826782009759,11464.2099019281,28,16,1,0.001447801,16.063644782,977016,4986031159
Q9_grid4_F101_r2,A1,Q9,induced,F101,development,construction_and_query,1/300,win,8707.45166339359,8248.804753138525,9191.60008502901,28,16,1,0.001875774,16.187929774,1050752,4986435699
Q10_grid4_F101_r2,A2,Q10,tensor,F101,development,native_construction,1/200,unresolved,,,,73,16,1,0.000314932,0.001130831,40824,314513
Q10_grid4_F101_r2,A2,Q10,tensor,F101,development,complete_query,1/200,unresolved,,,,73,16,1,0.000937049,,382592,
Q10_grid4_F101_r2,A2,Q10,tensor,F101,development,construction_and_query,1/200,unresolved,,,,73,16,1,0.00118008,,423416,
Q8_cube3_QQ_nonsplit_rectangles,A1,Q8,yoneda,QQ,development,native_construction,1/300,win,1.435756739588933,1.0433240066313894,1.9757979325432535,10,8,1,0.000367207,0.000615804,39608,198592
Q8_cube3_QQ_nonsplit_rectangles,A1,Q8,yoneda,QQ,development,complete_query,1/300,win,132.53784546462663,126.58903673225032,138.76620704176662,10,8,1,0.001001059,0.129716917,447616,48059055
Q8_cube3_QQ_nonsplit_rectangles,A1,Q8,yoneda,QQ,development,construction_and_query,1/300,win,112.64595447564017,103.50276020137238,122.5968373697511,10,8,1,0.001143694,0.129790369,487048,48257812
Q8_grid4_F2_nonsplit_rectangles,A1,Q8,yoneda,F2,evaluation,native_construction,1/300,win,5.218617962864236,2.5156524226939982,10.82580931954207,20,16,1,0.000156789,0.001040432,53352,245729
Q8_grid4_F2_nonsplit_rectangles,A1,Q8,yoneda,F2,evaluation,complete_query,1/300,win,967.4344940963374,905.3348495033987,1033.7937403832623,20,16,1,0.000971432,0.954712688,513184,307919768
Q8_grid4_F2_nonsplit_rectangles,A1,Q8,yoneda,F2,evaluation,construction_and_query,1/300,win,864.781938821815,802.0902961920232,932.3735809582465,20,16,1,0.001074889,0.910240613,567624,308165622
Q8_grid4_F3_nonsplit_rectangles,A1,Q8,yoneda,F3,development,native_construction,1/300,win,6.873856894465904,6.49619912727547,7.273469867512085,20,16,1,0.000156148,0.001061397,53352,248265
Q8_grid4_F3_nonsplit_rectangles,A1,Q8,yoneda,F3,development,complete_query,1/300,win,926.4865461774019,904.1485679445658,949.3764085686845,20,16,1,0.000980767,0.895314607,521392,308432320
Q8_grid4_F3_nonsplit_rectangles,A1,Q8,yoneda,F3,development,construction_and_query,1/300,win,837.2651587055594,810.5453917587683,864.8657473224876,20,16,1,0.001099389,0.909386306,574744,308680710
Q8_cube3_F101_nonsplit_rectangles,A1,Q8,yoneda,F101,evaluation,native_construction,1/300,win,8.054402288255268,7.442757093727781,8.716312436922378,10,8,1,9.8078e-05,0.000799699,36776,182528
Q8_cube3_F101_nonsplit_rectangles,A1,Q8,yoneda,F101,evaluation,complete_query,1/300,win,179.9659530583622,172.58404612634504,187.66360499216864,10,8,1,0.000825466,0.148797331,338160,46564078
Q8_cube3_F101_nonsplit_rectangles,A1,Q8,yoneda,F101,evaluation,construction_and_query,1/300,win,171.22511787283307,160.1297021929205,183.0893368879428,10,8,1,0.000883353,0.151340837,374936,46746771
Q9_cube3_QQ_nonsplit_rectangles,A1,Q9,induced,QQ,evaluation,native_construction,1/300,win,3.3164680424076924,2.4097925637817874,4.564276793621766,28,8,1,0.000290864,0.001007556,82136,370221
Q9_cube3_QQ_nonsplit_rectangles,A1,Q9,induced,QQ,evaluation,complete_query,1/300,win,295.61579007606167,286.544966040104,304.97375874355265,28,8,1,0.001166227,0.33966755,614056,133060371
Q9_cube3_QQ_nonsplit_rectangles,A1,Q9,induced,QQ,evaluation,construction_and_query,1/300,win,251.358660788366,236.8990637604149,266.7008275609666,28,8,1,0.001379611,0.338540383,695248,133430653
Q9_grid4_F2_nonsplit_rectangles,A1,Q9,induced,F2,development,native_construction,1/300,win,4.599080591621594,2.7457438027868766,7.703392525829261,56,16,1,0.000334494,0.001964598,78744,464713
Q9_grid4_F2_nonsplit_rectangles,A1,Q9,induced,F2,development,complete_query,1/300,win,3290.001562293267,3133.480345838482,3454.3412069801047,56,16,1,0.001067896,3.501213808,632584,1174691671
Q9_grid4_F2_nonsplit_rectangles,A1,Q9,induced,F2,development,construction_and_query,1/300,win,2600.9852400841473,2509.8785226370687,2695.3990633887875,56,16,1,0.001377257,3.549348351,711328,1175156333
Q9_grid4_F3_nonsplit_rectangles,A1,Q9,induced,F3,evaluation,native_construction,1/300,win,5.002636720002599,4.61141534218506,5.427048377832722,56,16,1,0.000396434,0.001922922,78744,468761
Q9_grid4_F3_nonsplit_rectangles,A1,Q9,induced,F3,evaluation,complete_query,1/300,win,3167.7953937242874,3062.7563306722186,3276.436834365577,56,16,1,0.001093331,3.464353895,645928,1176196551
Q9_grid4_F3_nonsplit_rectangles,A1,Q9,induced,F3,evaluation,construction_and_query,1/300,win,2513.1869444703325,2395.529082423048,2636.623643686872,56,16,1,0.001403928,3.420093929,725672,1176665261
Q9_cube3_F101_nonsplit_rectangles,A1,Q9,induced,F101,development,native_construction,1/300,win,5.225418979311936,4.835134272476306,5.647206875884583,28,8,1,0.000266076,0.001315861,55192,323829
Q9_cube3_F101_nonsplit_rectangles,A1,Q9,induced,F101,development,complete_query,1/300,win,415.65229347479334,386.5609219929097,446.9329910021909,28,8,1,0.00095856,0.388631113,422072,130021860
Q9_cube3_F101_nonsplit_rectangles,A1,Q9,induced,F101,development,construction_and_query,1/300,win,342.0867547593228,324.20209418017885,360.9580255108656,28,8,1,0.001146688,0.388328491,477264,130345678
Q10_cube3_presentation_r2_QQ_s37_reserved,A2,Q10,tensor,QQ,evaluation,native_construction,1/200,unresolved,,,,29,8,5,0.000457722,0.000662766,62736,179273
Q10_cube3_presentation_r2_QQ_s37_reserved,A2,Q10,tensor,QQ,evaluation,complete_query,1/200,unresolved,,,,29,8,5,0.000996995,,573472,
Q10_cube3_presentation_r2_QQ_s37_reserved,A2,Q10,tensor,QQ,evaluation,construction_and_query,1/200,unresolved,,,,29,8,5,0.001238425,,635984,
Q10_grid4_presentation_r2_F3_s37_reserved,A2,Q10,tensor,F3,evaluation,native_construction,1/200,unresolved,,,,70,16,2,0.000319133,0.001140645,42816,310061
Q10_grid4_presentation_r2_F3_s37_reserved,A2,Q10,tensor,F3,evaluation,complete_query,1/200,unresolved,,,,70,16,2,0.001310873,,545176,
Q10_grid4_presentation_r2_F3_s37_reserved,A2,Q10,tensor,F3,evaluation,construction_and_query,1/200,unresolved,,,,70,16,2,0.001570239,,586192,
Q10_capped_crown4_presentation_r1_F2_s37_reserved,A2,Q10,tensor,F2,evaluation,native_construction,1/200,unresolved,,,,25,9,1,0.000162529,0.000643416,28344,156329
Q10_capped_crown4_presentation_r1_F2_s37_reserved,A2,Q10,tensor,F2,evaluation,complete_query,1/200,unresolved,,,,25,9,1,0.000671039,,206816,
Q10_capped_crown4_presentation_r1_F2_s37_reserved,A2,Q10,tensor,F2,evaluation,construction_and_query,1/200,unresolved,,,,25,9,1,0.000774657,,235160,
Q10_capped_crown8_presentation_r1_F101_s37_reserved,A2,Q10,tensor,F101,evaluation,native_construction,1/200,unresolved,,,,25,17,7,0.000174364,0.000869329,38168,195861
Q10_capped_crown8_presentation_r1_F101_s37_reserved,A2,Q10,tensor,F101,evaluation,complete_query,1/200,unresolved,,,,25,17,7,0.000709338,,217976,
Q10_capped_crown8_presentation_r1_F101_s37_reserved,A2,Q10,tensor,F101,evaluation,construction_and_query,1/200,unresolved,,,,25,17,7,0.000810119,,256144,
