case_id,regime,n_points,ambient_dim,max_dim,tamer_cold_ms,multipers_cold_ms,cold_slowdown_tamer_over_multipers,tamer_warm_median_ms,multipers_warm_median_ms,warm_slowdown_tamer_over_multipers,tamer_simplex_count,multipers_simplex_count
landmark_n50000_d2_s11,landmark_parity,50000,2,1,9775.277835,1.7301489715464413,5649.963093,0.9278230000000001,1.5196774911601096,0.610539,1976,1976
landmark_n50000_d2_s17,landmark_parity,50000,2,1,1.039761,2.5497309979982674,0.407792,1.204785,4.051794530823827,0.297346,2084,2084
landmark_n50000_d8_s11,landmark_parity,50000,8,1,1.460397,1.2973839766345918,1.125647,1.274159,1.4697675069328398,0.866912,1968,1968
