case_id,regime,n_points,ambient_dim,max_dim,tamer_cold_ms,multipers_cold_ms,cold_slowdown_tamer_over_multipers,tamer_warm_median_ms,multipers_warm_median_ms,warm_slowdown_tamer_over_multipers,tamer_simplex_count,multipers_simplex_count
landmark_n50000_d2_s11,landmark_parity,50000,2,1,13697.901619,1.7665729974396527,7753.940335,2.494472,3.943318995879963,0.632582,1976,1976
landmark_n50000_d2_s17,landmark_parity,50000,2,1,1.0207009999999999,1.3586250133812428,0.751275,1.193162,4.733950016088784,0.252044,2084,2084
landmark_n50000_d8_s11,landmark_parity,50000,8,1,1.2308729999999999,1.3653830392286181,0.901485,1.274161,1.8197119643446058,0.700199,1968,1968
