case_id,regime,n_points,ambient_dim,max_dim,tamer_cold_ms,multipers_cold_ms,cold_slowdown_tamer_over_multipers,tamer_warm_median_ms,multipers_warm_median_ms,warm_slowdown_tamer_over_multipers,tamer_simplex_count,multipers_simplex_count
parity_n10000_d2_s11,normalized_parity,1000,2,1,263.914645,119.79976200382225,2.202965,388.866437,78.00616798340343,4.985073,500500,428525
parity_n10000_d8_s11,normalized_parity,1000,8,1,272.308179,73.73726202058606,3.692952,265.659802,74.51913401018828,3.564988,500500,452036
parity_n20000_d2_s11,normalized_parity,2000,2,1,2127.778714,264.0733669977635,8.057529,2199.871774,250.35037501947954,8.787172,2001000,1691506
parity_n5000_d2_s11,normalized_parity,500,2,1,3721.941945,62.83527199411765,59.233323,34.462801,43.096979992697015,0.799657,125250,107696
parity_n5000_d2_s17,normalized_parity,500,2,1,29.065923,25.138473021797836,1.156233,26.255497,31.994212011341006,0.820633,125250,108123
parity_n5000_d8_s11,normalized_parity,500,8,1,22.583296999999998,45.95386201981455,0.491434,37.151196,36.104386002989486,1.028994,125250,110686
