case_id,regime,n_points,ambient_dim,max_dim,tamer_cold_ms,multipers_cold_ms,cold_slowdown_tamer_over_multipers,tamer_warm_median_ms,multipers_warm_median_ms,warm_slowdown_tamer_over_multipers,tamer_simplex_count,multipers_simplex_count
claim_n50000_d2_s11,claim_matching,500,2,1,294.07715,4.447544022696093,66.121245,2.286031,3.268189000664279,0.699479,4283,4283
claim_n50000_d2_s17,claim_matching,500,2,1,1.481738,2.3690300004091114,0.625462,1.3753719999999998,2.548022981500253,0.539780,4382,4382
claim_n50000_d8_s11,claim_matching,500,8,1,1.6211419999999999,2.742807992035523,0.591052,1.793239,2.6980199909303337,0.664650,4419,4419
parity_n10000_d2_s11,normalized_parity,100,2,1,1.380905,5.094493011711165,0.271058,1.1900350000000002,5.676548986230046,0.209641,5050,4315
parity_n10000_d8_s11,normalized_parity,100,8,1,1.15428,2.592176024336368,0.445294,1.2118369999999998,2.6046549901366234,0.465258,5050,4302
parity_n20000_d2_s11,normalized_parity,200,2,1,4.065028,16.709860996343195,0.243271,5.344047,9.89092598319985,0.540298,20100,17554
parity_n5000_d2_s11,normalized_parity,50,2,1,321.68966900000004,7.34416299383156,43.802087,0.322442,1.8644410010892898,0.172943,1275,1134
parity_n5000_d2_s17,normalized_parity,50,2,1,0.389721,2.4750250158831477,0.157461,0.33348500000000003,2.86737599526532,0.116303,1275,1079
parity_n5000_d8_s11,normalized_parity,50,8,1,0.438437,6.0126130119897425,0.072920,0.348885,3.4351859940215945,0.101562,1275,1017
