case_id,regime,n_points,ambient_dim,max_dim,tamer_cold_ms,multipers_cold_ms,cold_slowdown_tamer_over_multipers,tamer_warm_median_ms,multipers_warm_median_ms,warm_slowdown_tamer_over_multipers,tamer_simplex_count,multipers_simplex_count
claim_n50000_d2_s11,claim_matching,50000,2,1,5771.891966,2685.1512260036543,2.149559,212.349818,3018.7374649976846,0.070344,440039,440039
claim_n50000_d2_s17,claim_matching,50000,2,1,216.84473300000002,3367.9455149977002,0.064385,208.49716600000002,3385.6087120075244,0.061583,416491,416491
claim_n50000_d8_s11,claim_matching,50000,8,1,1919.219506,5646.853927988559,0.339874,1308.574331,5165.246983000543,0.253342,567437,567437
