case_id,regime,n_points,ambient_dim,max_dim,tamer_cold_ms,multipers_cold_ms,cold_slowdown_tamer_over_multipers,tamer_warm_median_ms,multipers_warm_median_ms,warm_slowdown_tamer_over_multipers,tamer_simplex_count,multipers_simplex_count
claim_n50000_d2_s11,claim_matching,500,2,1,331.428628,2.3778759932611138,139.380114,1.475671,1.9383349863346666,0.761309,4283,4283
claim_n50000_d2_s17,claim_matching,500,2,1,1.5426630000000001,1.842332014348358,0.837343,1.438499,1.889968989416957,0.761123,4382,4382
claim_n50000_d8_s11,claim_matching,500,8,1,1.696399,2.182227006414905,0.777371,1.8247840000000002,2.097891003359109,0.869818,4419,4419
parity_n10000_d2_s11,normalized_parity,100,2,1,1.180219,1.0908459953498095,1.081930,1.3163470000000002,1.1622380116023123,1.132597,5050,4315
parity_n10000_d8_s11,normalized_parity,100,8,1,1.975325,1.1743359791580588,1.682078,1.9864439999999999,1.0105730034410954,1.965661,5050,4302
parity_n20000_d2_s11,normalized_parity,200,2,1,5.818959,3.413964994251728,1.704458,8.365193999999999,2.96311397687532,2.823109,20100,17554
parity_n5000_d2_s11,normalized_parity,50,2,1,362.02495899999997,3.8234539970289916,94.685318,0.31831600000000004,0.6926690111868083,0.459550,1275,1134
parity_n5000_d2_s17,normalized_parity,50,2,1,0.40842199999999995,0.5765600071754307,0.708377,0.306483,0.8222500036936253,0.372737,1275,1079
parity_n5000_d8_s11,normalized_parity,50,8,1,0.726097,2.412732021184638,0.300944,0.511053,0.6594290025532246,0.774993,1275,1017
