case_id,regime,n_points,ambient_dim,max_dim,tamer_cold_ms,multipers_cold_ms,cold_slowdown_tamer_over_multipers,tamer_warm_median_ms,multipers_warm_median_ms,warm_slowdown_tamer_over_multipers,tamer_simplex_count,multipers_simplex_count
parity_n10000_d2_s11,normalized_parity,100,2,1,0.534007,0.664621009491384,0.803476,0.360475,0.49385799502488226,0.729916,833,833
parity_n10000_d8_s11,normalized_parity,100,8,1,0.455173,0.6550459947902709,0.694872,0.324346,0.5380614893510938,0.602805,872,872
parity_n20000_d2_s11,normalized_parity,200,2,1,1.064597,1.1686180077958852,0.910988,0.8628195000000001,1.0003229981521145,0.862541,1757,1757
parity_n5000_d2_s11,normalized_parity,50,2,1,5067.659842,0.4348109941929579,11654.856730,0.194343,0.2459485112922266,0.790178,430,430
parity_n5000_d2_s17,normalized_parity,50,2,1,0.3697,0.3734080237336457,0.990070,0.167371,0.24899000709410757,0.672200,423,423
parity_n5000_d8_s11,normalized_parity,50,8,1,0.34070999999999996,0.33739799982868135,1.009816,0.14770499999999998,0.299106992315501,0.493820,413,413
