case_id,regime,invariant_kind,degree,n_points,ambient_dim,max_dim,tamer_cold_ms,multipers_cold_ms,cold_slowdown_tamer_over_multipers,tamer_warm_median_ms,multipers_warm_median_ms,warm_slowdown_tamer_over_multipers,tamer_output_term_count,multipers_output_term_count,tamer_output_abs_mass,multipers_output_abs_mass,parity_status,parity_reason,summary_included
inv_rips_codensity_n750_d2_s11,rips_codensity_parity,mp_landscape,0,3750,2,1,161.25374,491.97898499915027,0.327766,171.760706,510.11516849939653,0.336710,1728,1728,11.53591649629717,11.535916496297169,matched,matched_mp_landscape,yes
inv_rips_codensity_n750_d8_s11,rips_codensity_parity,mp_landscape,0,3750,8,1,271.626449,642.0376409987512,0.423069,252.016926,646.3624284988327,0.389900,1728,1728,94.01029276915733,94.01029276915737,matched,matched_mp_landscape,yes
inv_rips_lowerstar_n1000_d2_s11,rips_lowerstar_parity,mp_landscape,0,5000,2,1,131.23952599999998,741.1769549999008,0.177069,135.6076255,667.9122645000461,0.203032,1728,1728,2652.1649490676773,2652.1649490676773,matched,matched_mp_landscape,yes
inv_rips_lowerstar_n1000_d8_s11,rips_lowerstar_parity,mp_landscape,0,5000,8,1,219.238127,1172.0743759997276,0.187051,223.9184025,1189.3441199990775,0.188270,1728,1728,3178.475016005855,3178.4750160058557,matched,matched_mp_landscape,yes
inv_rips_n1000_d2_s11,rips_parity,mp_landscape,0,5000,2,1,100.305593,494.80067400145344,0.202719,98.267786,497.94420000034734,0.197347,576,576,15.935953987966226,15.93595398796623,matched,matched_mp_landscape,yes
inv_rips_n1000_d8_s11,rips_parity,mp_landscape,0,5000,8,1,164.525757,777.983113001028,0.211477,182.761275,901.5331034997871,0.202723,576,576,176.79648545371833,176.79648545371828,matched,matched_mp_landscape,yes
