case_id,regime,n_points,ambient_dim,max_dim,tamer_cold_ms,multipers_cold_ms,cold_slowdown_tamer_over_multipers,tamer_warm_median_ms,multipers_warm_median_ms,warm_slowdown_tamer_over_multipers,tamer_simplex_count,multipers_simplex_count
parity_n10000_d2_s11,normalized_parity,100,2,1,1.014842,1.751356991007924,0.579460,0.9577,1.690220000455156,0.566613,5050,4315
parity_n10000_d8_s11,normalized_parity,100,8,1,1.0446360000000001,2.41373002063483,0.432789,0.981234,2.5625860143918544,0.382908,5050,4302
parity_n20000_d2_s11,normalized_parity,200,2,1,4.346978,4.844059993047267,0.897383,4.378542,4.752483015181497,0.921317,20100,17554
parity_n5000_d2_s11,normalized_parity,50,2,1,4535.979094,3.7990489799994975,1193.977524,0.31634700000000004,0.9044199832715094,0.349779,1275,1134
parity_n5000_d2_s17,normalized_parity,50,2,1,0.401771,0.9242320084013045,0.434708,0.27399999999999997,0.8729220135137439,0.313888,1275,1079
parity_n5000_d8_s11,normalized_parity,50,8,1,0.34749899999999995,5.90889499289915,0.058809,0.24987099999999998,1.7529229808133096,0.142545,1275,1017
