case_id,regime,n_points,ambient_dim,max_dim,tamer_cold_ms,multipers_cold_ms,cold_slowdown_tamer_over_multipers,tamer_warm_median_ms,multipers_warm_median_ms,warm_slowdown_tamer_over_multipers,tamer_simplex_count,multipers_simplex_count
matrix_parity_n200_d2_md2_s11,normalized_parity,200,2,2,5802.0268399999995,3.3033030049409717,1756.431920,0.93856,2.4724559916649014,0.379606,7605,7605
matrix_parity_n200_d8_md2_s11,normalized_parity,200,8,2,1.109594,2.889392984798178,0.384023,0.893414,2.509693003958091,0.355985,6220,6220
matrix_parity_n300_d2_md2_s17,normalized_parity,300,2,2,1.7853700000000001,4.982115991879255,0.358356,1.4992619999999999,4.097500001080334,0.365897,11796,11796
